demand,phase,mask,facility_ids,facilities,mean,mean_se,expected6,exact_target,band,rounded_target,achievement6,expected8
draft,0,0,,미구매,803.4229166666667,1.558213271146051,4820.5375,6025.671875,0,6000,0.8034229166666668,6427.383333333333
draft,0,1,12001,식량,1130.7,2.4137145686395236,6784.200000000001,8480.25,1,8500,0.7981411764705884,9045.6
draft,0,2,12002,약품,1825.4260416666666,5.055511984083175,10952.55625,13690.6953125,2,13600,0.8053350183823529,14603.408333333333
draft,0,3,12001_12002,식량+약품,1807.75,4.808793459125739,10846.5,13558.125,2,13600,0.7975367647058823,14462
draft,0,4,12003,공구,2546.131770833333,7.3657032057341,15276.790624999998,19095.98828125,3,18500,0.8257724662162161,20369.054166666665
draft,0,5,12001_12003,식량+공구,2381.3854166666665,7.036468172055771,14288.3125,17860.390625,3,18500,0.7723412162162162,19051.083333333332
draft,0,6,12002_12003,약품+공구,2714.9166666666665,7.355732162560196,16289.5,20361.875,4,21000,0.7756904761904762,21719.333333333332
draft,0,7,12001_12002_12003,식량+약품+공구,2526.7932291666666,7.023610967284154,15160.759375,18950.94921875,3,18500,0.8195005067567568,20214.345833333333
draft,0,8,12004,전력·통신,3088.602083333333,10.273851906819402,18531.6125,23164.515625,5,24000,0.7721505208333334,24708.816666666666
draft,0,9,12001_12004,식량+전력·통신,2830.765625,10.330706957192373,16984.59375,21230.7421875,4,21000,0.8087901785714285,22646.125
draft,0,10,12002_12004,약품+전력·통신,3193.280208333333,10.63166817081808,19159.681249999998,23949.6015625,5,24000,0.7983200520833332,25546.241666666665
draft,0,11,12001_12002_12004,식량+약품+전력·통신,2893.1765625,10.237692233289765,17359.059374999997,21698.82421875,4,21000,0.8266218749999998,23145.4125
draft,0,12,12003_12004,공구+전력·통신,3697.8802083333335,11.273725100672328,22187.28125,27734.1015625,6,27000,0.8217511574074075,29583.041666666668
draft,0,13,12001_12003_12004,식량+공구+전력·통신,3305.4333333333334,10.832703210014976,19832.6,24790.75,5,24000,0.8263583333333333,26443.466666666667
draft,0,14,12002_12003_12004,약품+공구+전력·통신,3505.1348958333333,10.585709099539491,21030.809375,26288.51171875,6,27000,0.7789188657407408,28041.079166666666
draft,0,15,12001_12002_12003_12004,식량+약품+공구+전력·통신,3219.0265625,10.215811166276941,19314.159375000003,24142.69921875,5,24000,0.8047566406250001,25752.2125
draft,0,16,12005,핵보호,8892.139583333334,31.273589830651417,53352.8375,66691.046875,9,67000,0.7963110074626866,71137.11666666667
draft,0,17,12001_12005,식량+핵보호,7404.648958333333,31.25325905367151,44427.89375,55534.8671875,8,55600,0.7990628372302159,59237.191666666666
draft,0,18,12002_12005,약품+핵보호,7323.665104166666,30.40874031109514,43941.990625,54927.48828125,8,55600,0.7903235723920863,58589.32083333333
draft,0,19,12001_12002_12005,식량+약품+핵보호,6364.229166666667,29.446532354445694,38185.375,47731.71875,7,46800,0.8159268162393163,50913.833333333336
draft,0,20,12003_12005,공구+핵보호,7563.7125,29.6101129830918,45382.274999999994,56727.84375,8,55600,0.8162279676258992,60509.7
draft,0,21,12001_12003_12005,식량+공구+핵보호,6585.222395833333,28.990884471445273,39511.334375,49389.16796875,7,46800,0.844259281517094,52681.77916666667
draft,0,22,12002_12003_12005,약품+공구+핵보호,6523.985416666666,27.930839250037597,39143.9125,48929.890625,7,46800,0.8364083867521367,52191.88333333333
draft,0,23,12001_12002_12003_12005,식량+약품+공구+핵보호,5883.886979166667,27.241610592178688,35303.321875,44129.15234375,7,46800,0.7543444845085471,47071.09583333333
draft,0,24,12004_12005,전력·통신+핵보호,8643.325,30.939434209662434,51859.950000000004,64824.93750000001,9,67000,0.774029104477612,69146.6
draft,0,25,12001_12004_12005,식량+전력·통신+핵보호,7370.538020833334,30.32679916372505,44223.228125,55279.03515625,8,55600,0.7953818008093525,58964.30416666667
draft,0,26,12002_12004_12005,약품+전력·통신+핵보호,7271.069791666667,29.193178573126353,43626.41875,54533.0234375,8,55600,0.7846478192446042,58168.558333333334
draft,0,27,12001_12002_12004_12005,식량+약품+전력·통신+핵보호,6456.708333333333,28.48575253824071,38740.25,48425.3125,7,46800,0.8277831196581197,51653.666666666664
draft,0,28,12003_12004_12005,공구+전력·통신+핵보호,7401.802083333333,28.36526398462429,44410.8125,55513.515625,8,55600,0.7987556205035972,59214.416666666664
draft,0,29,12001_12003_12004_12005,식량+공구+전력·통신+핵보호,6599.241145833334,27.81776574140139,39595.446875,49494.30859375,7,46800,0.8460565571581197,52793.92916666667
draft,0,30,12002_12003_12004_12005,약품+공구+전력·통신+핵보호,6554.9765625,26.923357021848922,39329.859375,49162.32421875,7,46800,0.8403816105769231,52439.8125
draft,0,31,12001_12002_12003_12004_12005,식량+약품+공구+전력·통신+핵보호,5981.1125,26.3748505509061,35886.675,44858.34375,7,46800,0.7668092948717949,47848.9
draft,0,32,12006,정밀장비,14844.569791666667,52.023559666956174,89067.41875,111334.2734375,13,115300,0.7724841175195143,118756.55833333333
draft,0,33,12001_12006,식량+정밀장비,12090.243229166666,51.6603675034034,72541.459375,90676.82421875,11,88400,0.8206047440610861,96721.94583333333
draft,0,34,12002_12006,약품+정밀장비,11655.440625,50.66808515054909,69932.64374999999,87415.8046875,11,88400,0.7910932550904977,93243.525
draft,0,35,12001_12002_12006,식량+약품+정밀장비,9952.525,49.203629472306346,59715.149999999994,74643.9375,10,77000,0.7755214285714285,79620.2
draft,0,36,12003_12006,공구+정밀장비,11718.348958333334,49.80330937946415,70310.09375,87887.6171875,11,88400,0.7953630514705883,93746.79166666667
draft,0,37,12001_12003_12006,식량+공구+정밀장비,10038.591145833334,48.63163771273078,60231.546875,75289.43359375,10,77000,0.7822278814935065,80308.72916666667
draft,0,38,12002_12003_12006,약품+공구+정밀장비,9714.296354166667,47.00710760175027,58285.778125,72857.22265625,10,77000,0.7569581574675325,77714.37083333333
draft,0,39,12001_12002_12003_12006,식량+약품+공구+정밀장비,8648.271354166667,45.79438926139226,51889.628125,64862.03515625,9,67000,0.7744720615671642,69186.17083333334
draft,0,40,12004_12006,전력·통신+정밀장비,13293.416145833333,50.745501186305034,79760.496875,99700.62109375,12,101700,0.7842723389872173,106347.32916666666
draft,0,41,12001_12004_12006,식량+전력·통신+정밀장비,11148.107291666667,49.64663826507934,66888.64375,83610.8046875,11,88400,0.7566588659502262,89184.85833333334
draft,0,42,12002_12004_12006,약품+전력·통신+정밀장비,10796.553125,48.348266508857,64779.318750000006,80974.1484375,10,77000,0.841289853896104,86372.425
draft,0,43,12001_12002_12004_12006,식량+약품+전력·통신+정밀장비,9478.091666666667,47.01328534642572,56868.55,71085.6875,9,67000,0.848784328358209,75824.73333333334
draft,0,44,12003_12004_12006,공구+전력·통신+정밀장비,10803.794791666667,47.36758089103931,64822.76875,81028.4609375,10,77000,0.8418541396103897,86430.35833333334
draft,0,45,12001_12003_12004_12006,식량+공구+전력·통신+정밀장비,9482.0890625,46.133529701683855,56892.534374999996,71115.66796875,9,67000,0.8491423041044776,75856.7125
draft,0,46,12002_12003_12004_12006,약품+공구+전력·통신+정밀장비,9268.290104166666,44.924345228220346,55609.740625,69512.17578125,9,67000,0.8299961287313432,74146.32083333333
draft,0,47,12001_12002_12003_12004_12006,식량+약품+공구+전력·통신+정밀장비,8376.085416666667,43.93736698629978,50256.5125,62820.640625,9,67000,0.7500972014925372,67008.68333333333
draft,0,48,12005_12006,핵보호+정밀장비,15893.83125,51.41366024756043,95362.98749999999,119203.734375,13,115300,0.827085754553339,127150.65
draft,0,49,12001_12005_12006,식량+핵보호+정밀장비,13511.277604166668,51.348716324982476,81067.66562500001,101334.58203125,12,101700,0.7971255223697149,108090.22083333334
draft,0,50,12002_12005_12006,약품+핵보호+정밀장비,13023.801041666668,49.893517633786665,78142.80625000001,97678.5078125,12,101700,0.7683658431661751,104190.40833333334
draft,0,51,12001_12002_12005_12006,식량+약품+핵보호+정밀장비,11495.3734375,49.256544522858746,68972.240625,86215.30078125,11,88400,0.7802289663461539,91962.9875
draft,0,52,12003_12005_12006,공구+핵보호+정밀장비,12903.421354166667,48.49790678273151,77420.528125,96775.66015625,12,101700,0.761263796705998,103227.37083333333
draft,0,53,12001_12003_12005_12006,식량+공구+핵보호+정밀장비,11440.8515625,48.39790869777595,68645.109375,85806.38671875,11,88400,0.7765283865950227,91526.8125
draft,0,54,12002_12003_12005_12006,약품+공구+핵보호+정밀장비,11164.015104166667,47.125120475647876,66984.090625,83730.11328125,11,88400,0.7577385817307692,89312.12083333333
draft,0,55,12001_12002_12003_12005_12006,식량+약품+공구+핵보호+정밀장비,10129.053125,46.57361630747049,60774.318750000006,75967.8984375,10,77000,0.7892768668831169,81032.425
draft,0,56,12004_12005_12006,전력·통신+핵보호+정밀장비,14209.486979166666,48.50519891067124,85256.921875,106571.15234375,12,101700,0.8383178158800393,113675.89583333333
draft,0,57,12001_12004_12005_12006,식량+전력·통신+핵보호+정밀장비,12425.447916666666,48.76590814751131,74552.6875,93190.859375,11,88400,0.843356193438914,99403.58333333333
draft,0,58,12002_12004_12005_12006,약품+전력·통신+핵보호+정밀장비,12096.9953125,47.59774326143708,72581.97187499999,90727.46484375,11,88400,0.8210630302601809,96775.9625
draft,0,59,12001_12002_12004_12005_12006,식량+약품+전력·통신+핵보호+정밀장비,10833.632291666667,47.138896033366855,65001.79375,81252.2421875,10,77000,0.8441791396103896,86669.05833333333
draft,0,60,12003_12004_12005_12006,공구+전력·통신+핵보호+정밀장비,11985.402083333332,46.49926101523181,71912.41249999999,89890.515625,11,88400,0.8134888291855202,95883.21666666666
draft,0,61,12001_12003_12004_12005_12006,식량+공구+전력·통신+핵보호+정밀장비,10806.269791666668,46.341075628145475,64837.61875000001,81047.0234375,10,77000,0.8420469967532469,86450.15833333334
draft,0,62,12002_12003_12004_12005_12006,약품+공구+전력·통신+핵보호+정밀장비,10585.118229166666,45.32695585628467,63510.709375,79388.38671875,10,77000,0.8248144074675324,84680.94583333333
draft,0,63,12001_12002_12003_12004_12005_12006,식량+약품+공구+전력·통신+핵보호+정밀장비,9706.944270833334,44.834070298454854,58241.665625,72802.08203125,10,77000,0.7563852678571429,77655.55416666667
draft,1,0,,미구매,811.9734375,1.4036887470580035,4871.840625000001,6089.80078125,0,6100,0.7986623975409837,6495.7875
draft,1,1,12001,식량,1068.2927083333334,2.0513231218441352,6409.75625,8012.1953125,1,8000,0.80121953125,8546.341666666667
draft,1,2,12002,약품,1720.5786458333334,4.09093106109828,10323.471875000001,12904.33984375,2,13100,0.788051288167939,13764.629166666668
draft,1,3,12001_12002,식량+약품,1783.9630208333333,4.227100628935964,10703.778125,13379.72265625,2,13100,0.8170822996183207,14271.704166666666
draft,1,4,12003,공구,2436.4583333333335,6.101489235243624,14618.75,18273.4375,3,18900,0.7734788359788359,19491.666666666668
draft,1,5,12001_12003,식량+공구,2421.403125,6.161709432311111,14528.418749999999,18160.5234375,3,18900,0.7686994047619047,19371.225
draft,1,6,12002_12003,약품+공구,2751.2734375,6.496223006034947,16507.640625,20634.55078125,4,21500,0.767797238372093,22010.1875
draft,1,7,12001_12002_12003,식량+약품+공구,2605.534375,6.307054013474408,15633.206250000001,19541.5078125,3,18900,0.8271537698412699,20844.275
draft,1,8,12004,전력·통신,2857.7625,8.387752911212935,17146.574999999997,21433.21875,4,21500,0.7975151162790697,22862.1
draft,1,9,12001_12004,식량+전력·통신,2869.6588541666665,8.705645789373424,17217.953125,21522.44140625,4,21500,0.8008350290697674,22957.270833333332
draft,1,10,12002_12004,약품+전력·통신,3222.3328125,9.074416913526127,19333.996874999997,24167.49609375,5,25500,0.7581959558823528,25778.6625
draft,1,11,12001_12002_12004,식량+약품+전력·통신,2993.7364583333333,8.957059900232238,17962.41875,22453.0234375,4,21500,0.8354613372093024,23949.891666666666
draft,1,12,12003_12004,공구+전력·통신,3698.2916666666665,9.455351756160841,22189.75,27737.1875,6,27700,0.8010740072202166,29586.333333333332
draft,1,13,12001_12003_12004,식량+공구+전력·통신,3417.4875,9.255235751287747,20504.925000000003,25631.15625,5,25500,0.804114705882353,27339.9
draft,1,14,12002_12003_12004,약품+공구+전력·통신,3578.3880208333335,9.062426339765567,21470.328125,26837.91015625,5,25500,0.8419736519607843,28627.104166666668
draft,1,15,12001_12002_12003_12004,식량+약품+공구+전력·통신,3345.272395833333,8.957730373068632,20071.634374999998,25089.54296875,5,25500,0.7871229166666666,26762.179166666665
draft,1,16,12005,핵보호,7668.096354166667,23.87160905244551,46008.578125,57510.72265625,8,55300,0.8319815212477396,61344.770833333336
draft,1,17,12001_12005,식량+핵보호,7147.05625,24.779383271929703,42882.337499999994,53602.921875,8,55300,0.7754491410488245,57176.45
draft,1,18,12002_12005,약품+핵보호,7071.527604166667,24.562654946678357,42429.165625,53036.45703125,8,55300,0.7672543512658229,56572.22083333333
draft,1,19,12001_12002_12005,식량+약품+핵보호,6380.501041666666,24.466360105571738,38283.00625,47853.7578125,7,46800,0.818012954059829,51044.00833333333
draft,1,20,12003_12005,공구+핵보호,7197.983333333334,23.817154623663452,43187.9,53984.875,8,55300,0.7809746835443038,57583.86666666667
draft,1,21,12001_12003_12005,식량+공구+핵보호,6510.7484375,23.69590949678293,39064.490625000006,48830.61328125,7,46800,0.8347113381410257,52085.9875
draft,1,22,12002_12003_12005,약품+공구+핵보호,6426.676041666667,23.081266760925327,38560.05625,48200.0703125,7,46800,0.8239328258547008,51413.40833333333
draft,1,23,12001_12002_12003_12005,식량+약품+공구+핵보호,5909.665104166666,22.87714031751003,35457.990625,44322.48828125,7,46800,0.7576493723290598,47277.32083333333
draft,1,24,12004_12005,전력·통신+핵보호,8138.1453125,24.43948938771223,48828.871875,61036.08984375,9,64500,0.7570367732558139,65105.1625
draft,1,25,12001_12004_12005,식량+전력·통신+핵보호,7289.5265625,24.489224075167982,43737.159375,54671.44921875,8,55300,0.7909070411392406,58316.2125
draft,1,26,12002_12004_12005,약품+전력·통신+핵보호,7146.327604166667,23.853158096525316,42877.965625,53597.45703125,8,55300,0.7753700836347197,57170.620833333334
draft,1,27,12001_12002_12004_12005,식량+약품+전력·통신+핵보호,6493.011458333333,23.801550786604434,38958.06875,48697.5859375,7,46800,0.8324373664529914,51944.09166666667
draft,1,28,12003_12004_12005,공구+전력·통신+핵보호,7203.7109375,23.085447412361635,43222.265625,54027.83203125,8,55300,0.7815961234177216,57629.6875
draft,1,29,12001_12003_12004_12005,식량+공구+전력·통신+핵보호,6564.435416666666,22.77302171950989,39386.612499999996,49233.265625,7,46800,0.8415942841880341,52515.48333333333
draft,1,30,12002_12003_12004_12005,약품+공구+전력·통신+핵보호,6483.398958333333,22.334835139308886,38900.39375,48625.4921875,7,46800,0.8312049946581197,51867.191666666666
draft,1,31,12001_12002_12003_12004_12005,식량+약품+공구+전력·통신+핵보호,6016.960416666667,21.945550195020758,36101.7625,45127.203125,7,46800,0.7714051816239316,48135.683333333334
draft,1,32,12006,정밀장비,12700.170833333334,39.58481453640252,76201.025,95251.28125,12,96700,0.7880147362978283,101601.36666666667
draft,1,33,12001_12006,식량+정밀장비,11619.334895833334,41.046643993988795,69716.009375,87145.01171875,11,84300,0.8269989249703439,92954.67916666667
draft,1,34,12002_12006,약품+정밀장비,11224.213541666666,40.82040958968195,67345.28125,84181.6015625,11,84300,0.7988764086595492,89793.70833333333
draft,1,35,12001_12002_12006,식량+약품+정밀장비,9936.5796875,40.69436496570825,59619.478124999994,74524.34765625,10,74500,0.8002614513422818,79492.6375
draft,1,36,12003_12006,공구+정밀장비,10954.124479166667,39.38793655339616,65724.746875,82155.93359375,11,84300,0.7796529878410439,87632.99583333333
draft,1,37,12001_12003_12006,식량+공구+정밀장비,9777.182291666666,39.13899337719115,58663.09375,73328.8671875,10,74500,0.7874240771812081,78217.45833333333
draft,1,38,12002_12003_12006,약품+공구+정밀장비,9442.2203125,38.5124434247636,56653.321874999994,70816.65234375,10,74500,0.7604472734899328,75537.7625
draft,1,39,12001_12002_12003_12006,식량+약품+공구+정밀장비,8606.653645833334,38.078177235910665,51639.921875,64549.90234375001,9,64500,0.8006189437984497,68853.22916666667
draft,1,40,12004_12006,전력·통신+정밀장비,12278.5359375,39.63419498639647,73671.21562500001,92089.01953125,12,96700,0.7618533156670115,98228.2875
draft,1,41,12001_12004_12006,식량+전력·통신+정밀장비,10909.466145833334,39.74035046295551,65456.796875,81820.99609375,11,84300,0.7764744587781732,87275.72916666667
draft,1,42,12002_12004_12006,약품+전력·통신+정밀장비,10495.359895833333,39.01881771822091,62972.159375,78715.19921875,10,74500,0.845263884228188,83962.87916666667
draft,1,43,12001_12002_12004_12006,식량+약품+전력·통신+정밀장비,9490.205208333333,39.05152353582595,56941.23125,71176.5390625,10,74500,0.7643118288590603,75921.64166666666
draft,1,44,12003_12004_12006,공구+전력·통신+정밀장비,10267.1875,37.57611245553051,61603.125,77003.90625,10,74500,0.8268875838926174,82137.5
draft,1,45,12001_12003_12004_12006,식량+공구+전력·통신+정밀장비,9332.408854166666,37.43850173100447,55994.453125,69993.06640625,10,74500,0.7516033976510067,74659.27083333333
draft,1,46,12002_12003_12004_12006,약품+공구+전력·통신+정밀장비,9069.90625,37.038062942135895,54419.4375,68024.296875,9,64500,0.8437122093023256,72559.25
draft,1,47,12001_12002_12003_12004_12006,식량+약품+공구+전력·통신+정밀장비,8367.9703125,36.44423443843041,50207.821874999994,62759.77734375,9,64500,0.7784158430232557,66943.7625
draft,1,48,12005_12006,핵보호+정밀장비,15061.525,43.36931106615609,90369.15,112961.4375,13,113000,0.7997269911504424,120492.2
draft,1,49,12001_12005_12006,식량+핵보호+정밀장비,13176.238541666668,42.5688834991877,79057.43125000001,98821.7890625,12,96700,0.8175535806618408,105409.90833333334
draft,1,50,12002_12005_12006,약품+핵보호+정밀장비,12606.85625,41.61864741393366,75641.13750000001,94551.421875,12,96700,0.7822247931747675,100854.85
draft,1,51,12001_12002_12005_12006,식량+약품+핵보호+정밀장비,11393.9796875,41.39680034309676,68363.87812499999,85454.84765625,11,84300,0.8109594083629892,91151.8375
draft,1,52,12003_12005_12006,공구+핵보호+정밀장비,12196.389583333334,40.33289916082212,73178.3375,91472.921875,12,96700,0.7567563340227507,97571.11666666667
draft,1,53,12001_12003_12005_12006,식량+공구+핵보호+정밀장비,11091.005208333334,39.802637616840556,66546.03125,83182.5390625,11,84300,0.7893953884934757,88728.04166666667
draft,1,54,12002_12003_12005_12006,약품+공구+핵보호+정밀장비,10727.796875,39.21438700450557,64366.78125,80458.4765625,11,84300,0.7635442615658363,85822.375
draft,1,55,12001_12002_12003_12005_12006,식량+약품+공구+핵보호+정밀장비,9943.556770833333,38.81048848689935,59661.340625,74576.67578125,10,74500,0.8008233640939597,79548.45416666666
draft,1,56,12004_12005_12006,전력·통신+핵보호+정밀장비,13595.653125,40.83539876562164,81573.91875000001,101967.3984375,12,96700,0.8435772362978284,108765.225
draft,1,57,12001_12004_12005_12006,식량+전력·통신+핵보호+정밀장비,12185.0953125,40.72017879922315,73110.571875,91388.21484375,12,96700,0.7560555519648396,97480.7625
draft,1,58,12002_12004_12005_12006,약품+전력·통신+핵보호+정밀장비,11739.748958333334,39.99276544704109,70438.49375,88048.1171875,11,84300,0.8355693208778172,93917.99166666667
draft,1,59,12001_12002_12004_12005_12006,식량+약품+전력·통신+핵보호+정밀장비,10772.766145833333,39.69772307688468,64636.596875,80795.74609375,11,84300,0.7667449214116252,86182.12916666667
draft,1,60,12003_12004_12005_12006,공구+전력·통신+핵보호+정밀장비,11401.058333333332,38.59230994019855,68406.34999999999,85507.9375,11,84300,0.8114632265717674,91208.46666666666
draft,1,61,12001_12003_12004_12005_12006,식량+공구+전력·통신+핵보호+정밀장비,10525.802604166667,38.27072038075942,63154.815625,78943.51953125,10,74500,0.8477156459731544,84206.42083333334
draft,1,62,12002_12003_12004_12005_12006,약품+공구+전력·통신+핵보호+정밀장비,10240.096875,37.687271288336696,61440.581249999996,76800.7265625,10,74500,0.824705788590604,81920.775
draft,1,63,12001_12002_12003_12004_12005_12006,식량+약품+공구+전력·통신+핵보호+정밀장비,9549.459375,37.32983234682359,57296.756250000006,71620.9453125,10,74500,0.7690839765100672,76395.675
draft,2,0,,미구매,813.6713541666667,1.4114202288835533,4882.028125,6102.53515625,0,6100,0.8003324795081966,6509.370833333333
draft,2,1,12001,식량,1042.3588541666666,1.9542960212109382,6254.153124999999,7817.691406249999,1,7800,0.801814503205128,8338.870833333332
draft,2,2,12002,약품,1555.8276041666666,3.700095747912915,9334.965624999999,11668.70703125,2,12300,0.7589402947154471,12446.620833333332
draft,2,3,12001_12002,식량+약품,1713.3958333333333,3.8553942198874283,10280.375,12850.46875,2,12300,0.8358028455284553,13707.166666666666
draft,2,4,12003,공구,2076.679166666667,5.595512170446198,12460.075,15575.09375,3,16100,0.7739177018633541,16613.433333333334
draft,2,5,12001_12003,식량+공구,2212.2630208333335,5.565963652944579,13273.578125,16591.97265625,3,16100,0.8244458462732919,17698.104166666668
draft,2,6,12002_12003,약품+공구,2583.121875,5.936612286500605,15498.731249999999,19373.4140625,4,19100,0.8114518979057591,20664.975
draft,2,7,12001_12002_12003,식량+약품+공구,2507.3953125,5.794521476967614,15044.371874999999,18805.46484375,4,19100,0.7876634489528795,20059.1625
draft,2,8,12004,전력·통신,2557.032291666667,7.932179238028606,15342.193750000002,19177.7421875,4,19100,0.803256217277487,20456.258333333335
draft,2,9,12001_12004,식량+전력·통신,2591.634375,7.767130622548228,15549.806250000001,19437.2578125,4,19100,0.8141259816753927,20733.075
draft,2,10,12002_12004,약품+전력·통신,2974.0182291666665,7.97027511048383,17844.109375,22305.13671875,5,23000,0.7758308423913044,23792.145833333332
draft,2,11,12001_12002_12004,식량+약품+전력·통신,2883.0817708333334,7.959527693829674,17298.490625,21623.11328125,5,23000,0.7521082880434782,23064.654166666667
draft,2,12,12003_12004,공구+전력·통신,3373.3166666666666,8.491630968388618,20239.9,25299.875,6,25200,0.803170634920635,26986.533333333333
draft,2,13,12001_12003_12004,식량+공구+전력·통신,3262.2625,8.461809644485658,19573.574999999997,24466.96875,6,25200,0.7767291666666666,26098.1
draft,2,14,12002_12003_12004,약품+공구+전력·통신,3460.0057291666667,8.34265313592668,20760.034375,25950.04296875,6,25200,0.8238108878968253,27680.045833333334
draft,2,15,12001_12002_12003_12004,식량+약품+공구+전력·통신,3249.25625,8.201807190805146,19495.5375,24369.421875,5,23000,0.8476320652173912,25994.05
draft,2,16,12005,핵보호,6886.1828125,23.839759547236945,41317.096875,51646.37109375,7,50600,0.8165434165019764,55089.4625
draft,2,17,12001_12005,식량+핵보호,7018.073958333333,23.86666865690245,42108.44375,52635.5546875,7,50600,0.8321826828063241,56144.59166666667
draft,2,18,12002_12005,약품+핵보호,7135.910416666667,23.417567999570625,42815.4625,53519.328125,7,50600,0.8461553853754941,57087.28333333333
draft,2,19,12001_12002_12005,식량+약품+핵보호,6674.707291666667,23.39761687516699,40048.24375,50060.3046875,7,50600,0.7914672677865613,53397.65833333333
draft,2,20,12003_12005,공구+핵보호,7348.080729166667,23.061993107711523,44088.484375,55110.60546875,8,56600,0.7789484871908127,58784.645833333336
draft,2,21,12001_12003_12005,식량+공구+핵보호,6880.130208333333,23.068757047591447,41280.78125,51600.9765625,7,50600,0.815825716403162,55041.041666666664
draft,2,22,12002_12003_12005,약품+공구+핵보호,6824.610416666666,22.576985057708722,40947.6625,51184.578125,7,50600,0.8092423418972332,54596.88333333333
draft,2,23,12001_12002_12003_12005,식량+약품+공구+핵보호,6363.359375,22.463671067470134,38180.15625,47725.1953125,7,50600,0.7545485424901186,50906.875
draft,2,24,12004_12005,전력·통신+핵보호,7748.261979166667,22.85650057841477,46489.571875,58111.96484375,8,56600,0.8213705278268552,61986.09583333333
draft,2,25,12001_12004_12005,식량+전력·통신+핵보호,7377.444791666667,23.226219281988946,44264.66875,55330.8359375,8,56600,0.782061285335689,59019.558333333334
draft,2,26,12002_12004_12005,약품+전력·통신+핵보호,7332.034375,22.768538057043173,43992.20625,54990.2578125,8,56600,0.7772474602473499,58656.275
draft,2,27,12001_12002_12004_12005,식량+약품+전력·통신+핵보호,6794.814583333334,22.688543682394506,40768.887500000004,50961.109375,7,50600,0.8057092391304349,54358.51666666667
draft,2,28,12003_12004_12005,공구+전력·통신+핵보호,7493.9578125,22.614386100891757,44963.746875,56204.68359375,8,56600,0.7944124889575971,59951.6625
draft,2,29,12001_12003_12004_12005,식량+공구+전력·통신+핵보호,6954.722916666667,22.380085150694136,41728.3375,52160.421875,7,50600,0.8246707015810277,55637.78333333333
draft,2,30,12002_12003_12004_12005,약품+공구+전력·통신+핵보호,6866.718229166667,21.999867879230052,41200.309375,51500.38671875,7,50600,0.8142353631422924,54933.745833333334
draft,2,31,12001_12002_12003_12004_12005,식량+약품+공구+전력·통신+핵보호,6433.7453125,21.90385419818163,38602.471875,48253.08984375,7,50600,0.7628947010869566,51469.9625
draft,2,32,12006,정밀장비,11351.008854166666,39.971047237411845,68106.053125,85132.56640625,10,83900,0.8117527190107271,90808.07083333333
draft,2,33,12001_12006,식량+정밀장비,11445.7765625,40.13953609608359,68674.65937499999,85843.32421875,10,83900,0.8185299091179975,91566.2125
draft,2,34,12002_12006,약품+정밀장비,11365.194270833334,39.076934185572014,68191.165625,85238.95703125,10,83900,0.8127671707389749,90921.55416666667
draft,2,35,12001_12002_12006,식량+약품+정밀장비,10508.654166666667,38.901577656879795,63051.925,78814.90625,10,83900,0.7515128128724673,84069.23333333334
draft,2,36,12003_12006,공구+정밀장비,11390.609895833333,38.7271324903308,68343.659375,85429.57421875,10,83900,0.8145847362932063,91124.87916666667
draft,2,37,12001_12003_12006,식량+공구+정밀장비,10585.0625,38.42215392214462,63510.375,79387.96875,10,83900,0.7569770560190703,84680.5
draft,2,38,12002_12003_12006,약품+공구+정밀장비,10280.966666666667,37.55229943577269,61685.8,77107.25,9,73100,0.8438549931600547,82247.73333333334
draft,2,39,12001_12002_12003_12006,식량+약품+공구+정밀장비,9524.966666666667,37.51846433149442,57149.8,71437.25,9,73100,0.7818030095759234,76199.73333333334
draft,2,40,12004_12006,전력·통신+정밀장비,11871.302604166667,38.20224691750624,71227.815625,89034.76953125,10,83900,0.8489608536948748,94970.42083333334
draft,2,41,12001_12004_12006,식량+전력·통신+정밀장비,11247.860416666666,38.32832480822714,67487.1625,84358.953125,10,83900,0.8043761918951133,89982.88333333333
draft,2,42,12002_12004_12006,약품+전력·통신+정밀장비,10995.504166666668,37.62529919835067,65973.02500000001,82466.28125,10,83900,0.7863292610250299,87964.03333333334
draft,2,43,12001_12002_12004_12006,식량+약품+전력·통신+정밀장비,10116.475520833334,37.242090300123806,60698.853125,75873.56640625,9,73100,0.8303536679206567,80931.80416666667
draft,2,44,12003_12004_12006,공구+전력·통신+정밀장비,11024.615625,37.13541202569967,66147.69375,82684.6171875,10,83900,0.7884111293206199,88196.925
draft,2,45,12001_12003_12004_12006,식량+공구+전력·통신+정밀장비,10170.353125,36.7995016746283,61022.118749999994,76277.6484375,9,73100,0.8347759062927496,81362.825
draft,2,46,12002_12003_12004_12006,약품+공구+전력·통신+정밀장비,9892.714583333332,36.22008525554794,59356.28749999999,74195.359375,9,73100,0.811987517099863,79141.71666666666
draft,2,47,12001_12002_12003_12004_12006,식량+약품+공구+전력·통신+정밀장비,9205.708854166667,36.109638379183046,55234.253125,69042.81640625,9,73100,0.7555985379616963,73645.67083333334
draft,2,48,12005_12006,핵보호+정밀장비,13827.055729166666,37.45465130739199,82962.334375,103702.91796875,12,103700,0.8000225108486018,110616.44583333333
draft,2,49,12001_12005_12006,식량+핵보호+정밀장비,12688.9453125,37.860358049667894,76133.671875,95167.08984375,11,95200,0.7997234440651261,101511.5625
draft,2,50,12002_12005_12006,약품+핵보호+정밀장비,12263.321875,36.981013810213874,73579.93125,91974.9140625,11,95200,0.7728984375,98106.575
draft,2,51,12001_12002_12005_12006,식량+약품+핵보호+정밀장비,11318.978125,37.024801627425894,67913.86875,84892.3359375,10,83900,0.8094620828367103,90551.825
draft,2,52,12003_12005_12006,공구+핵보호+정밀장비,12243.1578125,36.78032578241097,73458.946875,91823.68359375,11,95200,0.7716275932247899,97945.2625
draft,2,53,12001_12003_12005_12006,식량+공구+핵보호+정밀장비,11318.2515625,36.74595416648496,67909.509375,84886.88671875,10,83900,0.8094101236591179,90546.0125
draft,2,54,12002_12003_12005_12006,약품+공구+핵보호+정밀장비,11005.9953125,36.03971225858159,66035.97187499999,82544.96484375,10,83900,0.7870795217520857,88047.9625
draft,2,55,12001_12002_12003_12005_12006,식량+약품+공구+핵보호+정밀장비,10290.9171875,35.83076885146075,61745.503124999996,77181.87890625,9,73100,0.844671725376197,82327.3375
draft,2,56,12004_12005_12006,전력·통신+핵보호+정밀장비,13247.331770833332,37.08424080085259,79483.99062499999,99354.98828125,11,95200,0.8349158679096638,105978.65416666666
draft,2,57,12001_12004_12005_12006,식량+전력·통신+핵보호+정밀장비,12132.390625,37.044919326071394,72794.34375,90992.9296875,11,95200,0.7646464679621848,97059.125
draft,2,58,12002_12004_12005_12006,약품+전력·통신+핵보호+정밀장비,11717.3765625,36.06635678792134,70304.259375,87880.32421875,10,83900,0.8379530318831943,93739.0125
draft,2,59,12001_12002_12004_12005_12006,식량+약품+전력·통신+핵보호+정밀장비,10909.136458333332,36.15550841165549,65454.81874999999,81818.5234375,10,83900,0.7801527860548271,87273.09166666666
draft,2,60,12003_12004_12005_12006,공구+전력·통신+핵보호+정밀장비,11714.152604166668,36.01459182214091,70284.91562500001,87856.14453125,10,83900,0.8377224746722289,93713.22083333334
draft,2,61,12001_12003_12004_12005_12006,식량+공구+전력·통신+핵보호+정밀장비,10903.9046875,35.82974984236399,65423.428125000006,81779.28515625,10,83900,0.7797786427294399,87231.2375
draft,2,62,12002_12003_12004_12005_12006,약품+공구+전력·통신+핵보호+정밀장비,10625.261458333332,35.22581173856726,63751.56874999999,79689.4609375,10,83900,0.7598518325387364,85002.09166666666
draft,2,63,12001_12002_12003_12004_12005_12006,식량+약품+공구+전력·통신+핵보호+정밀장비,9995.6640625,35.140893619154305,59973.984375,74967.48046875,9,73100,0.820437542749658,79965.3125
flat,0,0,,미구매,805.9104166666667,1.552699401955864,4835.462500000001,6044.328125,0,6000,0.8059104166666667,6447.283333333334
flat,0,1,12001,식량,1122.3833333333334,2.3984144697523133,6734.300000000001,8417.875,1,8400,0.8017023809523811,8979.066666666668
flat,0,2,12002,약품,1840.7442708333333,5.039347052141941,11044.465625,13805.58203125,2,13700,0.8061653740875913,14725.954166666666
flat,0,3,12001_12002,식량+약품,1820.4427083333333,4.85105388628314,10922.65625,13653.3203125,2,13700,0.7972741788321168,14563.541666666666
flat,0,4,12003,공구,2591.215625,7.367959241957906,15547.293749999999,19434.1171875,3,19400,0.8014068943298969,20729.725
flat,0,5,12001_12003,식량+공구,2430.547395833333,7.131998405706609,14583.284375,18229.10546875,3,19400,0.7517156894329896,19444.379166666666
flat,0,6,12002_12003,약품+공구,2743.5661458333334,7.325560365938051,16461.396875,20576.74609375,3,19400,0.8485256121134019,21948.529166666667
flat,0,7,12001_12002_12003,식량+약품+공구,2562.789583333333,7.066191710088574,15376.7375,19220.921875,3,19400,0.7926153350515464,20502.316666666666
flat,0,8,12004,전력·통신,3170.8385416666665,10.345286948115401,19025.03125,23781.2890625,4,23200,0.8200444504310345,25366.708333333332
flat,0,9,12001_12004,식량+전력·통신,2917.7630208333335,10.608968951588128,17506.578125,21883.22265625,4,23200,0.7545938846982758,23342.104166666668
flat,0,10,12002_12004,약품+전력·통신,3243.7703125,10.695027623326974,19462.621874999997,24328.27734375,4,23200,0.838906115301724,25950.1625
flat,0,11,12001_12002_12004,식량+약품+전력·통신,2956.055729166667,10.42168385497746,17736.334375000002,22170.41796875,4,23200,0.764497171336207,23648.445833333335
flat,0,12,12003_12004,공구+전력·통신,3745.126041666667,11.208202324963679,22470.756250000002,28088.4453125,5,26700,0.8416013576779027,29961.008333333335
flat,0,13,12001_12003_12004,식량+공구+전력·통신,3373.6442708333334,10.874325428307507,20241.865625,25302.33203125,5,26700,0.7581223080524344,26989.154166666667
flat,0,14,12002_12003_12004,약품+공구+전력·통신,3542.4703125,10.56799375834892,21254.821875,26568.52734375,5,26700,0.7960607443820226,28339.7625
flat,0,15,12001_12002_12003_12004,식량+약품+공구+전력·통신,3270.3958333333335,10.263846988024877,19622.375,24527.96875,4,23200,0.8457920258620689,26163.166666666668
flat,0,16,12005,핵보호,9358.657291666666,31.12791810895859,56151.94375,70189.9296875,8,71000,0.7908724471830986,74869.25833333333
flat,0,17,12001_12005,식량+핵보호,7956.338541666667,31.806166158094836,47738.03125,59672.5390625,7,58300,0.8188341552315609,63650.708333333336
flat,0,18,12002_12005,약품+핵보호,7722.5984375,30.916929514187604,46335.590625,57919.48828125,7,58300,0.794778569897084,61780.7875
flat,0,19,12001_12002_12005,식량+약품+핵보호,6809.142708333334,30.483010836184498,40854.856250000004,51068.5703125,6,49500,0.8253506313131314,54473.14166666667
flat,0,20,12003_12005,공구+핵보호,7904.436979166667,30.003263166034365,47426.621875,59283.27734375,7,58300,0.8134926565180103,63235.495833333334
flat,0,21,12001_12003_12005,식량+공구+핵보호,6981.499479166667,29.869717204761,41888.996875,52361.24609375,6,49500,0.8462423611111111,55851.995833333334
flat,0,22,12002_12003_12005,약품+공구+핵보호,6835.11875,28.8446392331576,41010.712499999994,51263.390625,6,49500,0.8284992424242423,54680.95
flat,0,23,12001_12002_12003_12005,식량+약품+공구+핵보호,6228.7828125,28.428398851169284,37372.696874999994,46715.87109375,6,49500,0.7550039772727272,49830.2625
flat,0,24,12004_12005,전력·통신+핵보호,9000.649479166666,30.811048581942586,54003.896875,67504.87109375,8,71000,0.7606182658450704,72005.19583333333
flat,0,25,12001_12004_12005,식량+전력·통신+핵보호,7800.5390625,30.745157655355413,46803.234375,58504.04296875,7,58300,0.802799903516295,62404.3125
flat,0,26,12002_12004_12005,약품+전력·통신+핵보호,7596.528125,29.717933461716186,45579.16875,56973.9609375,7,58300,0.7818039236706689,60772.225
flat,0,27,12001_12002_12004_12005,식량+약품+전력·통신+핵보호,6821.535416666667,29.349137135321055,40929.2125,51161.515625,6,49500,0.8268527777777778,54572.28333333333
flat,0,28,12003_12004_12005,공구+전력·통신+핵보호,7681.479166666667,28.88304546018632,46088.875,57611.09375,7,58300,0.7905467409948542,61451.833333333336
flat,0,29,12001_12003_12004_12005,식량+공구+전력·통신+핵보호,6926.3453125,28.634009265585213,41558.071874999994,51947.58984375,6,49500,0.8395570075757575,55410.7625
flat,0,30,12002_12003_12004_12005,약품+공구+전력·통신+핵보호,6822.302604166666,27.759772651608937,40933.815624999996,51167.26953125,6,49500,0.8269457702020201,54578.42083333333
flat,0,31,12001_12002_12003_12004_12005,식량+약품+공구+전력·통신+핵보호,6277.490625,27.42090149351554,37664.943750000006,47081.1796875,6,49500,0.7609079545454547,50219.925
flat,0,32,12006,정밀장비,15653.864583333334,51.5592242546228,93923.1875,117403.984375,12,119800,0.7839998956594324,125230.91666666667
flat,0,33,12001_12006,식량+정밀장비,13045.120833333332,52.30962406710538,78270.72499999999,97838.40625,10,92300,0.8480035211267605,104360.96666666666
flat,0,34,12002_12006,약품+정밀장비,12366.118229166666,51.27845157754696,74196.709375,92745.88671875,10,92300,0.8038646736186349,98928.94583333333
flat,0,35,12001_12002_12006,식량+약품+정밀장비,10732.043229166668,50.77670443168116,64392.25937500001,80490.32421875,9,80600,0.7989114066377172,85856.34583333334
flat,0,36,12003_12006,공구+정밀장비,12296.8296875,50.10491935146216,73780.978125,92226.22265625,10,92300,0.7993605430660887,98374.6375
flat,0,37,12001_12003_12006,식량+공구+정밀장비,10699.719791666666,49.760502309526515,64198.31875,80247.8984375,9,80600,0.7965051954094292,85597.75833333333
flat,0,38,12002_12003_12006,약품+공구+정밀장비,10249.475,48.121210543913335,61496.850000000006,76871.0625,9,80600,0.7629882133995038,81995.8
flat,0,39,12001_12002_12003_12006,식량+약품+공구+정밀장비,9238.0140625,47.57193289133366,55428.084375000006,69285.10546875,8,71000,0.7806772447183099,73904.1125
flat,0,40,12004_12006,전력·통신+정밀장비,13932.1453125,50.676158486526006,83592.87187500001,104491.08984375,11,104600,0.7991670351338434,111457.1625
flat,0,41,12001_12004_12006,식량+전력·통신+정밀장비,11895.863020833332,50.3979184162289,71375.17812499999,89218.97265625,10,92300,0.7732955376489706,95166.90416666666
flat,0,42,12002_12004_12006,약품+전력·통신+정밀장비,11377.713541666666,49.320363459783856,68266.28125,85332.8515625,9,80600,0.8469761941687345,91021.70833333333
flat,0,43,12001_12002_12004_12006,식량+약품+전력·통신+정밀장비,10118.457291666668,48.564992095731874,60710.74375000001,75888.4296875,9,80600,0.7532350341191069,80947.65833333334
flat,0,44,12003_12004_12006,공구+전력·통신+정밀장비,11298.298958333333,48.02782071534013,67789.79375,84737.2421875,9,80600,0.8410644385856079,90386.39166666666
flat,0,45,12001_12003_12004_12006,식량+공구+전력·통신+정밀장비,10042.983854166667,47.36336453341949,60257.903125,75322.37890625,8,71000,0.848702860915493,80343.87083333333
flat,0,46,12002_12003_12004_12006,약품+공구+전력·통신+정밀장비,9735.541145833333,46.20751021738352,58413.246875,73016.55859375,8,71000,0.822721786971831,77884.32916666666
flat,0,47,12001_12002_12003_12004_12006,식량+약품+공구+전력·통신+정밀장비,8884.1609375,45.656027216277565,53304.965625000004,66631.20703125,8,71000,0.7507741637323945,71073.2875
flat,0,48,12005_12006,핵보호+정밀장비,16285.371875,50.05263373482377,97712.23125000001,122140.2890625,12,119800,0.815627973706177,130282.975
flat,0,49,12001_12005_12006,식량+핵보호+정밀장비,14119.172395833333,50.37227539250586,84715.034375,105893.79296875,11,104600,0.8098951661089866,112953.37916666667
flat,0,50,12002_12005_12006,약품+핵보호+정밀장비,13491.772916666667,49.393894565401155,80950.6375,101188.296875,11,104600,0.7739066682600382,107934.18333333333
flat,0,51,12001_12002_12005_12006,식량+약품+핵보호+정밀장비,12084.666666666666,49.23107883571389,72508,90635,10,92300,0.7855687973997834,96677.33333333333
flat,0,52,12003_12005_12006,공구+핵보호+정밀장비,13287.359375,48.09349266968853,79724.15625,99655.1953125,11,104600,0.7621812260994264,106298.875
flat,0,53,12001_12003_12005_12006,식량+공구+핵보호+정밀장비,11949.170833333334,48.31929187543061,71695.025,89618.78125,10,92300,0.7767608342361862,95593.36666666667
flat,0,54,12002_12003_12005_12006,약품+공구+핵보호+정밀장비,11581.365625,47.23409850079358,69488.19375,86860.2421875,10,92300,0.752851503250271,92650.925
flat,0,55,12001_12002_12003_12005_12006,식량+약품+공구+핵보호+정밀장비,10630.203125,47.019812754228866,63781.21875,79726.5234375,9,80600,0.7913302574441687,85041.625
flat,0,56,12004_12005_12006,전력·통신+핵보호+정밀장비,14594.663541666667,47.7444090108862,87567.98125,109459.9765625,11,104600,0.8371699928298278,116757.30833333333
flat,0,57,12001_12004_12005_12006,식량+전력·통신+핵보호+정밀장비,12963.272916666667,48.307271232252276,77779.6375,97224.546875,10,92300,0.8426829631635969,103706.18333333333
flat,0,58,12002_12004_12005_12006,약품+전력·통신+핵보호+정밀장비,12527.739583333334,47.48731503862283,75166.4375,93958.046875,10,92300,0.8143709371614302,100221.91666666667
flat,0,59,12001_12002_12004_12005_12006,식량+약품+전력·통신+핵보호+정밀장비,11361.5640625,47.43032339954658,68169.384375,85211.73046875,9,80600,0.8457739996898263,90892.5125
flat,0,60,12003_12004_12005_12006,공구+전력·통신+핵보호+정밀장비,12354.940625,46.41243658847721,74129.64374999999,92662.0546875,10,92300,0.8031380687973997,98839.525
flat,0,61,12001_12003_12004_12005_12006,식량+공구+전력·통신+핵보호+정밀장비,11265.866145833334,46.55781463570084,67595.196875,84493.99609375,9,80600,0.8386500852977666,90126.92916666667
flat,0,62,12002_12003_12004_12005_12006,약품+공구+전력·통신+핵보호+정밀장비,10982.380729166667,45.666134478083535,65894.284375,82367.85546875,9,80600,0.8175469525434244,87859.04583333334
flat,0,63,12001_12002_12003_12004_12005_12006,식량+약품+공구+전력·통신+핵보호+정밀장비,10162.411979166667,45.465243410041346,60974.471875,76218.08984375,9,80600,0.756507095223325,81299.29583333334
flat,1,0,,미구매,810.6104166666667,1.4011634713020062,4863.6625,6079.578125,0,6100,0.7973217213114755,6484.883333333333
flat,1,1,12001,식량,1071.6322916666666,2.060932479754168,6429.793749999999,8037.242187499999,1,8000,0.8037242187499999,8573.058333333332
flat,1,2,12002,약품,1706.5703125,4.095015540868699,10239.421875,12799.27734375,2,13100,0.7816352576335878,13652.5625
flat,1,3,12001_12002,식량+약품,1773.9296875,4.202268795273193,10643.578125,13304.47265625,2,13100,0.8124868797709923,14191.4375
flat,1,4,12003,공구,2335.4239583333333,5.957373780101014,14012.54375,17515.6796875,3,18200,0.7699199862637363,18683.391666666666
flat,1,5,12001_12003,식량+공구,2329.6369791666666,5.993623669491452,13977.821875,17472.27734375,3,18200,0.7680121909340659,18637.095833333333
flat,1,6,12002_12003,약품+공구,2684.1015625,6.481824166650827,16104.609375,20130.76171875,4,20900,0.7705554724880382,21472.8125
flat,1,7,12001_12002_12003,식량+약품+공구,2534.9546875,6.22884426572841,15209.728125000001,19012.16015625,3,18200,0.8356993475274727,20279.6375
flat,1,8,12004,전력·통신,2721.3244791666666,8.19304344102813,16327.946875,20409.93359375,4,20900,0.7812414772727273,21770.595833333333
flat,1,9,12001_12004,식량+전력·통신,2746.7010416666667,8.425581071026182,16480.20625,20600.2578125,4,20900,0.7885266148325358,21973.608333333334
flat,1,10,12002_12004,약품+전력·통신,3125.5682291666667,8.923645818632508,18753.409375,23441.76171875,5,24800,0.7561858618951612,25004.545833333334
flat,1,11,12001_12002_12004,식량+약품+전력·통신,2899.746875,8.710194627797927,17398.481249999997,21748.1015625,4,20900,0.8324632177033492,23197.975
flat,1,12,12003_12004,공구+전력·통신,3593.503125,9.512078034351829,21561.018750000003,26951.2734375,6,27000,0.7985562500000001,28748.025
flat,1,13,12001_12003_12004,식량+공구+전력·통신,3302.929166666667,9.20894399910904,19817.575,24771.96875,5,24800,0.7990957661290323,26423.433333333334
flat,1,14,12002_12003_12004,약품+공구+전력·통신,3495.1130208333334,9.069488074441233,20970.678125,26213.34765625,5,24800,0.8455918598790322,27960.904166666667
flat,1,15,12001_12002_12003_12004,식량+약품+공구+전력·통신,3251.3578125,8.902419515780956,19508.146875,24385.18359375,5,24800,0.7866188256048386,26010.8625
flat,1,16,12005,핵보호,7732.913541666667,24.192117521099647,46397.48125,57996.8515625,8,55900,0.8300086091234347,61863.308333333334
flat,1,17,12001_12005,식량+핵보호,7188.683854166667,24.995830579070702,43132.103125,53915.12890625,8,55900,0.7715939736135957,57509.47083333333
flat,1,18,12002_12005,약품+핵보호,7180.3140625,24.91732766198265,43081.884374999994,53852.35546875,8,55900,0.7706956059928443,57442.5125
flat,1,19,12001_12002_12005,식량+약품+핵보호,6450.933854166667,24.745720067934002,38705.603125,48382.00390625,7,47800,0.8097406511506277,51607.47083333333
flat,1,20,12003_12005,공구+핵보호,7431.471875,24.631694659032142,44588.83125,55736.0390625,8,55900,0.7976535107334527,59451.775
flat,1,21,12001_12003_12005,식량+공구+핵보호,6665.5296875,24.414865285245693,39993.178125000006,49991.47265625,7,47800,0.8366773666317993,53324.2375
flat,1,22,12002_12003_12005,약품+공구+핵보호,6615.032291666666,23.88847455866937,39690.19375,49612.7421875,7,47800,0.8303387813807531,52920.25833333333
flat,1,23,12001_12002_12003_12005,식량+약품+공구+핵보호,6039.273958333333,23.617844371527834,36235.64375,45294.5546875,7,47800,0.7580678608786612,48314.191666666666
flat,1,24,12004_12005,전력·통신+핵보호,8254.636458333332,25.079428305073037,49527.81874999999,61909.77343749999,9,64300,0.7702615668740278,66037.09166666666
flat,1,25,12001_12004_12005,식량+전력·통신+핵보호,7348.058333333333,24.972430776432297,44088.35,55110.4375,8,55900,0.7887003577817531,58784.46666666667
flat,1,26,12002_12004_12005,약품+전력·통신+핵보호,7261.946875,24.433373775074706,43571.681249999994,54464.6015625,8,55900,0.7794576252236135,58095.575
flat,1,27,12001_12002_12004_12005,식량+약품+전력·통신+핵보호,6560.163020833334,24.34172762116797,39360.978125,49201.22265625,7,47800,0.823451425209205,52481.30416666667
flat,1,28,12003_12004_12005,공구+전력·통신+핵보호,7421.9703125,24.041524053343917,44531.821874999994,55664.77734375,8,55900,0.7966336650268335,59375.7625
flat,1,29,12001_12003_12004_12005,식량+공구+전력·통신+핵보호,6707.040625,23.681546924830165,40242.243749999994,50302.8046875,7,47800,0.8418879445606693,53656.325
flat,1,30,12002_12003_12004_12005,약품+공구+전력·통신+핵보호,6654.111458333334,23.266172847778893,39924.668750000004,49905.8359375,7,47800,0.8352441161087867,53232.89166666667
flat,1,31,12001_12002_12003_12004_12005,식량+약품+공구+전력·통신+핵보호,6128.883333333333,22.801189243444423,36773.3,45966.625,7,47800,0.76931589958159,49031.066666666666
flat,1,32,12006,정밀장비,12814.3765625,40.15261077366299,76886.259375,96107.82421875,12,97700,0.786962736693961,102515.0125
flat,1,33,12001_12006,식량+정밀장비,11696.055208333333,41.38449262513448,70176.33125,87720.4140625,11,85000,0.8256038970588235,93568.44166666667
flat,1,34,12002_12006,약품+정밀장비,11440.551041666668,41.42608025676638,68643.30625000001,85804.1328125,11,85000,0.8075683088235295,91524.40833333334
flat,1,35,12001_12002_12006,식량+약품+정밀장비,10079.920833333334,41.11674227876013,60479.525,75599.40625,10,75000,0.8063936666666667,80639.36666666667
flat,1,36,12003_12006,공구+정밀장비,11435.694270833334,40.57452756187921,68614.165625,85767.70703125,11,85000,0.8072254779411764,91485.55416666667
flat,1,37,12001_12003_12006,식량+공구+정밀장비,10099.030729166667,40.226594248140195,60594.184375,75742.73046875,10,75000,0.8079224583333333,80792.24583333333
flat,1,38,12002_12003_12006,약품+공구+정밀장비,9826.058854166668,39.844524676020804,58956.35312500001,73695.44140625,10,75000,0.7860847083333334,78608.47083333334
flat,1,39,12001_12002_12003_12006,식량+약품+공구+정밀장비,8880.266666666666,39.21904335853189,53281.6,66602,9,64300,0.8286407465007776,71042.13333333333
flat,1,40,12004_12006,전력·통신+정밀장비,12581.121875,40.68319748585727,75486.73125000001,94358.4140625,12,97700,0.7726379861821905,100648.975
flat,1,41,12001_12004_12006,식량+전력·통신+정밀장비,11085.897395833334,40.56859314211194,66515.384375,83144.23046875,11,85000,0.7825339338235293,88687.17916666667
flat,1,42,12002_12004_12006,약품+전력·통신+정밀장비,10769.0078125,40.108428591633555,64614.046875,80767.55859375,11,85000,0.7601652573529412,86152.0625
flat,1,43,12001_12002_12004_12006,식량+약품+전력·통신+정밀장비,9669.067708333334,39.949850423400456,58014.40625,72518.0078125,10,75000,0.7735254166666666,77352.54166666667
flat,1,44,12003_12004_12006,공구+전력·통신+정밀장비,10750.028125,39.133407556598094,64500.168750000004,80625.2109375,11,85000,0.7588255147058824,86000.225
flat,1,45,12001_12003_12004_12006,식량+공구+전력·통신+정밀장비,9663.259895833333,38.87907099408832,57979.559375,72474.44921875,10,75000,0.7730607916666666,77306.07916666666
flat,1,46,12002_12003_12004_12006,약품+공구+전력·통신+정밀장비,9439.4203125,38.65103701723113,56636.521875000006,70795.65234375,10,75000,0.755153625,75515.3625
flat,1,47,12001_12002_12003_12004_12006,식량+약품+공구+전력·통신+정밀장비,8638.2734375,37.88686656837386,51829.640625,64787.05078125,9,64300,0.8060597297822706,69106.1875
flat,1,48,12005_12006,핵보호+정밀장비,15039.491666666667,43.42761476257784,90236.95,112796.1875,13,112800,0.7999729609929078,120315.93333333333
flat,1,49,12001_12005_12006,식량+핵보호+정밀장비,13120.236979166666,42.51143755169876,78721.421875,98401.77734375,12,97700,0.8057463856192426,104961.89583333333
flat,1,50,12002_12005_12006,약품+핵보호+정밀장비,12684.402604166668,41.706202732711496,76106.41562500001,95133.01953125,12,97700,0.7789807126407371,101475.22083333334
flat,1,51,12001_12002_12005_12006,식량+약품+핵보호+정밀장비,11429.338541666666,41.44063484574715,68576.03125,85720.0390625,11,85000,0.8067768382352941,91434.70833333333
flat,1,52,12003_12005_12006,공구+핵보호+정밀장비,12526.540104166666,40.6696334707522,75159.240625,93949.05078125,12,97700,0.7692859838792222,100212.32083333333
flat,1,53,12001_12003_12005_12006,식량+공구+핵보호+정밀장비,11323.863020833332,40.22962431945386,67943.17812499999,84928.97265625,11,85000,0.7993315073529411,90590.90416666666
flat,1,54,12002_12003_12005_12006,약품+공구+핵보호+정밀장비,11023.6015625,39.788144475775205,66141.609375,82677.01171875,11,85000,0.7781365808823529,88188.8125
flat,1,55,12001_12002_12003_12005_12006,식량+약품+공구+핵보호+정밀장비,10165.560416666667,39.41218415750023,60993.3625,76241.703125,10,75000,0.8132448333333334,81324.48333333334
flat,1,56,12004_12005_12006,전력·통신+핵보호+정밀장비,13759.559375,41.142563241050745,82557.35625000001,103196.6953125,12,97700,0.8450087640736951,110076.475
flat,1,57,12001_12004_12005_12006,식량+전력·통신+핵보호+정밀장비,12280.959895833334,41.02529030171592,73685.759375,92107.19921875,12,97700,0.7542042924769703,98247.67916666667
flat,1,58,12002_12004_12005_12006,약품+전력·통신+핵보호+정밀장비,11922.048958333333,40.38191793617883,71532.29375,89415.3671875,11,85000,0.8415563970588235,95376.39166666666
flat,1,59,12001_12002_12004_12005_12006,식량+약품+전력·통신+핵보호+정밀장비,10896.675520833332,40.09089047038248,65380.05312499999,81725.06640625,11,85000,0.7691770955882352,87173.40416666666
flat,1,60,12003_12004_12005_12006,공구+전력·통신+핵보호+정밀장비,11770.602604166666,39.2257402351277,70623.615625,88279.51953125,11,85000,0.8308660661764706,94164.82083333333
flat,1,61,12001_12003_12004_12005_12006,식량+공구+전력·통신+핵보호+정밀장비,10804.713020833333,38.994782204018954,64828.278125,81035.34765625,11,85000,0.7626856249999999,86437.70416666666
flat,1,62,12002_12003_12004_12005_12006,약품+공구+전력·통신+핵보호+정밀장비,10558.241666666667,38.51032730968632,63349.45,79186.8125,10,75000,0.8446593333333333,84465.93333333333
flat,1,63,12001_12002_12003_12004_12005_12006,식량+약품+공구+전력·통신+핵보호+정밀장비,9794.975520833334,38.154988896884575,58769.853125,73462.31640625,10,75000,0.7835980416666667,78359.80416666667
flat,2,0,,미구매,812.1828125,1.4089397424150563,4873.096874999999,6091.37109375,0,6100,0.7988683401639343,6497.4625
flat,2,1,12001,식량,1045.6421875,1.960374303499051,6273.853125000001,7842.316406250001,1,7800,0.8043401442307693,8365.1375
flat,2,2,12002,약품,1538.265625,3.691588129051046,9229.59375,11536.9921875,2,12200,0.7565240778688525,12306.125
flat,2,3,12001_12002,식량+약품,1704.9567708333334,3.850671496783314,10229.740625,12787.17578125,2,12200,0.8385033299180328,13639.654166666667
flat,2,4,12003,공구,2055.696354166667,5.610485051902942,12334.178125000002,15417.722656250002,3,16000,0.7708861328125002,16445.570833333335
flat,2,5,12001_12003,식량+공구,2198.459895833333,5.569400300849598,13190.759374999998,16488.44921875,3,16000,0.8244224609374998,17587.679166666665
flat,2,6,12002_12003,약품+공구,2566.6213541666666,5.94647895222263,15399.728125,19249.66015625,4,19000,0.8105120065789474,20532.970833333333
flat,2,7,12001_12002_12003,식량+약품+공구,2488.8072916666665,5.770178616303201,14932.84375,18666.0546875,4,19000,0.7859391447368421,19910.458333333332
flat,2,8,12004,전력·통신,2516.8942708333334,7.904869758368355,15101.365625,18876.70703125,4,19000,0.7948087171052631,20135.154166666667
flat,2,9,12001_12004,식량+전력·통신,2559.0213541666667,7.703116059068389,15354.128125,19192.66015625,4,19000,0.8081120065789473,20472.170833333334
flat,2,10,12002_12004,약품+전력·통신,2939.25625,7.952824672270742,17635.5375,22044.421875,5,21700,0.8126975806451612,23514.05
flat,2,11,12001_12002_12004,식량+약품+전력·통신,2847.5078125,7.9033938182221,17085.046875,21356.30859375,5,21700,0.7873293490783411,22780.0625
flat,2,12,12003_12004,공구+전력·통신,3332.8890625,8.488172543413993,19997.334375,24996.66796875,6,25000,0.7998933749999999,26663.1125
flat,2,13,12001_12003_12004,식량+공구+전력·통신,3219.272916666667,8.412979981553944,19315.6375,24144.546875,6,25000,0.7726255000000001,25754.183333333334
flat,2,14,12002_12003_12004,약품+공구+전력·통신,3436.6911458333334,8.367484490680924,20620.146875,25775.18359375,6,25000,0.8248058749999999,27493.529166666667
flat,2,15,12001_12002_12003_12004,식량+약품+공구+전력·통신,3218.8640625,8.151901603972188,19313.184374999997,24141.48046875,6,25000,0.7725273749999999,25750.9125
flat,2,16,12005,핵보호,6246.884895833334,22.66939690712573,37481.309375000004,46851.63671875,7,46600,0.804319943669528,49975.07916666667
flat,2,17,12001_12005,식량+핵보호,6392.1640625,22.722875818354368,38352.984375,47941.23046875,7,46600,0.8230254157725322,51137.3125
flat,2,18,12002_12005,약품+핵보호,6581.299479166667,22.385314250050822,39487.796875,49359.74609375,7,46600,0.8473776153433477,52650.395833333336
flat,2,19,12001_12002_12005,식량+약품+핵보호,6097.005208333333,22.25743189661837,36582.03125,45727.5390625,7,46600,0.7850221298283262,48776.041666666664
flat,2,20,12003_12005,공구+핵보호,6805.2109375,22.027398012689734,40831.265625,51039.08203125,8,52600,0.776259802756654,54441.6875
flat,2,21,12001_12003_12005,식량+공구+핵보호,6319.928125,21.955764330081855,37919.568750000006,47399.4609375,7,46600,0.8137246512875538,50559.425
flat,2,22,12002_12003_12005,약품+공구+핵보호,6335.7109375,21.437587436064465,38014.265625,47517.83203125,7,46600,0.8157567730686696,50685.6875
flat,2,23,12001_12002_12003_12005,식량+약품+공구+핵보호,5855.2921875,21.237008830275016,35131.753125,43914.69140625,7,46600,0.7539002816523606,46842.3375
flat,2,24,12004_12005,전력·통신+핵보호,7213.1578125,21.90525070359935,43278.946874999994,54098.68359375,8,52600,0.8227936668250949,57705.2625
flat,2,25,12001_12004_12005,식량+전력·통신+핵보호,6820.198958333333,22.289122174711917,40921.19375,51151.4921875,8,52600,0.7779694629277566,54561.59166666667
flat,2,26,12002_12004_12005,약품+전력·통신+핵보호,6847.015625,21.85559644925295,41082.09375,51352.6171875,8,52600,0.7810283982889734,54776.125
flat,2,27,12001_12002_12004_12005,식량+약품+전력·통신+핵보호,6286.931770833334,21.62174078099332,37721.590625000004,47151.98828125,7,46600,0.8094761936695279,50295.45416666667
flat,2,28,12003_12004_12005,공구+전력·통신+핵보호,7031.660416666667,21.73683866058097,42189.9625,52737.453125,8,52600,0.8020905418250951,56253.28333333333
flat,2,29,12001_12003_12004_12005,식량+공구+전력·통신+핵보호,6464.561979166667,21.29532771144174,38787.371875,48484.21484375,7,46600,0.8323470359442059,51716.495833333334
flat,2,30,12002_12003_12004_12005,약품+공구+전력·통신+핵보호,6441.1015625,20.900704448108677,38646.609375,48308.26171875,7,46600,0.8293263814377683,51528.8125
flat,2,31,12001_12002_12003_12004_12005,식량+약품+공구+전력·통신+핵보호,5986.0265625,20.66739151403755,35916.159375,44895.19921875,7,46600,0.7707330337982833,47888.2125
flat,2,32,12006,정밀장비,10231.973958333334,37.94475835585026,61391.84375,76739.8046875,10,75500,0.8131370033112583,81855.79166666667
flat,2,33,12001_12006,식량+정밀장비,10345.095833333333,38.30430814056212,62070.575,77588.21875,10,75500,0.8221268211920529,82760.76666666666
flat,2,34,12002_12006,약품+정밀장비,10376.347395833332,37.36419571930417,62258.08437499999,77822.60546875,10,75500,0.8246103890728476,83010.77916666666
flat,2,35,12001_12002_12006,식량+약품+정밀장비,9493.717708333334,37.03155312989983,56962.30625,71202.8828125,10,75500,0.7544676324503311,75949.74166666667
flat,2,36,12003_12006,공구+정밀장비,10401.4578125,36.77133489683149,62408.746875000004,78010.93359375,10,75500,0.8266059188741722,83211.6625
flat,2,37,12001_12003_12006,식량+공구+정밀장비,9571.581770833332,36.431616858063855,57429.49062499999,71786.86328125,10,75500,0.7606555049668873,76572.65416666666
flat,2,38,12002_12003_12006,약품+공구+정밀장비,9393.2703125,35.70980377109156,56359.621875000004,70449.52734375,9,66700,0.8449718422038981,75146.1625
flat,2,39,12001_12002_12003_12006,식량+약품+공구+정밀장비,8618.957291666668,35.25344842322714,51713.74375000001,64642.17968750001,9,66700,0.7753184970014994,68951.65833333334
flat,2,40,12004_12006,전력·통신+정밀장비,10905.605208333332,36.524258757394925,65433.63124999999,81792.0390625,11,86000,0.7608561773255813,87244.84166666666
flat,2,41,12001_12004_12006,식량+전력·통신+정밀장비,10243.722916666668,36.4911131347178,61462.33750000001,76827.921875,10,75500,0.8140706953642385,81949.78333333334
flat,2,42,12002_12004_12006,약품+전력·통신+정밀장비,10126.303645833334,36.00762298405286,60757.821875,75947.27734375,10,75500,0.8047393625827814,81010.42916666667
flat,2,43,12001_12002_12004_12006,식량+약품+전력·통신+정밀장비,9210.233854166667,35.306846165596035,55261.403125,69076.75390625,9,66700,0.8285067934782608,73681.87083333333
flat,2,44,12003_12004_12006,공구+전력·통신+정밀장비,10170.260416666666,35.38910795534318,61021.5625,76276.953125,10,75500,0.8082326158940397,81362.08333333333
flat,2,45,12001_12003_12004_12006,식량+공구+전력·통신+정밀장비,9275.895833333334,34.80410821393336,55655.375,69569.21875,9,66700,0.8344134182908546,74207.16666666667
flat,2,46,12002_12003_12004_12006,약품+공구+전력·통신+정밀장비,9109.245833333332,34.32947917200576,54655.47499999999,68319.34375,9,66700,0.8194224137931033,72873.96666666666
flat,2,47,12001_12002_12003_12004_12006,식량+약품+공구+전력·통신+정밀장비,8387.394791666668,33.91184110720918,50324.36875000001,62905.46093750001,9,66700,0.7544882871064469,67099.15833333334
flat,2,48,12005_12006,핵보호+정밀장비,13346.601041666667,37.47431064977919,80079.60625,100099.5078125,12,97900,0.8179735061287027,106772.80833333333
flat,2,49,12001_12005_12006,식량+핵보호+정밀장비,12039.021875,37.6560350854746,72234.13125,90292.6640625,11,86000,0.8399317587209303,96312.175
flat,2,50,12002_12005_12006,약품+핵보호+정밀장비,11725.2703125,36.763120449557,70351.62187500001,87939.52734375,11,86000,0.8180421148255815,93802.1625
flat,2,51,12001_12002_12005_12006,식량+약품+핵보호+정밀장비,10632.271354166667,36.474584562480075,63793.628125,79742.03515625,10,75500,0.8449487168874172,85058.17083333334
flat,2,52,12003_12005_12006,공구+핵보호+정밀장비,11695.426041666668,36.66633324622662,70172.55625000001,87715.6953125,11,86000,0.8159599563953489,93563.40833333334
flat,2,53,12001_12003_12005_12006,식량+공구+핵보호+정밀장비,10631.6984375,36.245422795637154,63790.190624999996,79737.73828125,10,75500,0.8449031870860927,85053.5875
flat,2,54,12002_12003_12005_12006,약품+공구+핵보호+정밀장비,10403.29375,35.49824534502178,62419.762500000004,78024.703125,10,75500,0.826751821192053,83226.35
flat,2,55,12001_12002_12003_12005_12006,식량+약품+공구+핵보호+정밀장비,9595.006770833334,34.990752711611016,57570.040625,71962.55078125,10,75500,0.7625170943708609,76760.05416666667
flat,2,56,12004_12005_12006,전력·통신+핵보호+정밀장비,12755.382291666667,37.02301018396073,76532.29375,95665.3671875,12,97900,0.7817394662921348,102043.05833333333
flat,2,57,12001_12004_12005_12006,식량+전력·통신+핵보호+정밀장비,11482.652604166668,36.707882430670104,68895.91562500001,86119.89453125,11,86000,0.8011152979651164,91861.22083333334
flat,2,58,12002_12004_12005_12006,약품+전력·통신+핵보호+정밀장비,11154.056770833333,35.66058160225046,66924.340625,83655.42578125,11,86000,0.7781900072674418,89232.45416666666
flat,2,59,12001_12002_12004_12005_12006,식량+약품+전력·통신+핵보호+정밀장비,10233.465104166668,35.39434748438202,61400.79062500001,76750.98828125,10,75500,0.8132555049668876,81867.72083333334
flat,2,60,12003_12004_12005_12006,공구+전력·통신+핵보호+정밀장비,11141.616666666667,35.53305101280444,66849.7,83562.125,11,86000,0.7773220930232558,89132.93333333333
flat,2,61,12001_12003_12004_12005_12006,식량+공구+전력·통신+핵보호+정밀장비,10230.0359375,34.99071317968855,61380.215625000004,76725.26953125,10,75500,0.8129829884105961,81840.2875
flat,2,62,12002_12003_12004_12005_12006,약품+공구+전력·통신+핵보호+정밀장비,10023.950520833334,34.336686950356615,60143.703125,75179.62890625,10,75500,0.7966053394039735,80191.60416666667
flat,2,63,12001_12002_12003_12004_12005_12006,식량+약품+공구+전력·통신+핵보호+정밀장비,9323.7578125,33.958332527710304,55942.546875,69928.18359375,9,66700,0.8387188437031484,74590.0625
