demand,phase,before_mask,after_mask,added_facility,mean_before,mean_after,change_rate,target_before,target_after
draft,0,0,1,12001,803.4229166666667,1130.7,0.4073534330974504,6000,8500
draft,0,0,2,12002,803.4229166666667,1825.4260416666666,1.2720612068674915,6000,13600
draft,0,0,4,12003,803.4229166666667,2546.131770833333,2.169105234634104,6000,18500
draft,0,0,8,12004,803.4229166666667,3088.602083333333,2.8443041880703137,6000,24000
draft,0,0,16,12005,803.4229166666667,8892.139583333334,10.067819200659677,6000,67000
draft,0,0,32,12006,803.4229166666667,14844.569791666667,17.476657167380193,6000,115300
draft,0,1,3,12002,1130.7,1807.75,0.5987883611921818,8500,13600
draft,0,1,5,12003,1130.7,2381.3854166666665,1.1061160490551574,8500,18500
draft,0,1,9,12004,1130.7,2830.765625,1.5035514504289376,8500,21000
draft,0,1,17,12005,1130.7,7404.648958333333,5.5487299534211845,8500,55600
draft,0,1,33,12006,1130.7,12090.243229166666,9.692706490816898,8500,88400
draft,0,2,3,12001,1825.4260416666666,1807.75,-0.009683241754635974,13600,13600
draft,0,2,6,12003,1825.4260416666666,2714.9166666666665,0.4872783693760989,13600,21000
draft,0,2,10,12004,1825.4260416666666,3193.280208333333,0.7493342022324696,13600,24000
draft,0,2,18,12005,1825.4260416666666,7323.665104166666,3.0120305819018274,13600,55600
draft,0,2,34,12006,1825.4260416666666,11655.440625,5.385052233810714,13600,88400
draft,0,3,7,12003,1807.75,2526.7932291666666,0.39775590052090526,13600,18500
draft,0,3,11,12004,1807.75,2893.1765625,0.6004295740561469,13600,21000
draft,0,3,19,12005,1807.75,6364.229166666667,2.520525054164938,13600,46800
draft,0,3,35,12006,1807.75,9952.525,4.505476420965288,13600,77000
draft,0,4,5,12001,2546.131770833333,2381.3854166666665,-0.06470456716100992,18500,18500
draft,0,4,6,12002,2546.131770833333,2714.9166666666665,0.06629071510234175,18500,21000
draft,0,4,12,12004,2546.131770833333,3697.8802083333335,0.45235225085111774,18500,27000
draft,0,4,20,12005,2546.131770833333,7563.7125,1.9706681274883286,18500,55600
draft,0,4,36,12006,2546.131770833333,11718.348958333334,3.60241260588724,18500,88400
draft,0,5,7,12002,2381.3854166666665,2526.7932291666666,0.061060175930502725,18500,18500
draft,0,5,13,12004,2381.3854166666665,3305.4333333333334,0.3880295521252073,18500,24000
draft,0,5,21,12005,2381.3854166666665,6585.222395833333,1.7652904690459423,18500,46800
draft,0,5,37,12006,2381.3854166666665,10038.591145833334,3.2154415978093986,18500,77000
draft,0,6,7,12001,2714.9166666666665,2526.7932291666666,-0.06929252739494762,21000,18500
draft,0,6,14,12004,2714.9166666666665,3505.1348958333333,0.291065371865312,21000,27000
draft,0,6,22,12005,2714.9166666666665,6523.985416666666,1.403014978974186,21000,46800
draft,0,6,38,12006,2714.9166666666665,9714.296354166667,2.578119532520949,21000,77000
draft,0,7,15,12004,2526.7932291666666,3219.0265625,0.2739572535429151,18500,24000
draft,0,7,23,12005,2526.7932291666666,5883.886979166667,1.328598522130426,18500,46800
draft,0,7,39,12006,2526.7932291666666,8648.271354166667,2.4226272471922274,18500,67000
draft,0,8,9,12001,3088.602083333333,2830.765625,-0.08347998588897754,24000,21000
draft,0,8,10,12002,3088.602083333333,3193.280208333333,0.03389174849193499,24000,24000
draft,0,8,12,12003,3088.602083333333,3697.8802083333335,0.19726663019745327,24000,27000
draft,0,8,24,12005,3088.602083333333,8643.325,1.7984585798996178,24000,67000
draft,0,8,40,12006,3088.602083333333,13293.416145833333,3.3040235637886344,24000,101700
draft,0,9,11,12002,2830.765625,2893.1765625,0.02204737013506719,21000,21000
draft,0,9,13,12003,2830.765625,3305.4333333333334,0.1676817409895366,21000,24000
draft,0,9,25,12005,2830.765625,7370.538020833334,1.6037259869698093,21000,55600
draft,0,9,41,12006,2830.765625,11148.107291666667,2.9381950922435225,21000,88400
draft,0,10,11,12001,3193.280208333333,2893.1765625,-0.09397974065982961,24000,21000
draft,0,10,14,12003,3193.280208333333,3505.1348958333333,0.09765966879015808,24000,27000
draft,0,10,26,12005,3193.280208333333,7271.069791666667,1.2769908424233312,24000,55600
draft,0,10,42,12006,3193.280208333333,10796.553125,2.3810227792803187,24000,77000
draft,0,11,15,12003,2893.1765625,3219.0265625,0.11262707026716434,21000,24000
draft,0,11,27,12005,2893.1765625,6456.708333333333,1.2317021425592078,21000,46800
draft,0,11,43,12006,2893.1765625,9478.091666666667,2.27601563952828,21000,67000
draft,0,12,13,12001,3697.8802083333335,3305.4333333333334,-0.1061275252009527,27000,24000
draft,0,12,14,12002,3697.8802083333335,3505.1348958333333,-0.052123189946943205,27000,27000
draft,0,12,28,12005,3697.8802083333335,7401.802083333333,1.001633818924975,27000,55600
draft,0,12,44,12006,3697.8802083333335,10803.794791666667,1.9216183821530635,27000,77000
draft,0,13,15,12002,3305.4333333333334,3219.0265625,-0.026140829997075454,24000,24000
draft,0,13,29,12005,3305.4333333333334,6599.241145833334,0.9964829056704618,24000,46800
draft,0,13,45,12006,3305.4333333333334,9482.0890625,1.8686372122162496,24000,67000
draft,0,14,15,12001,3505.1348958333333,3219.0265625,-0.08162548427834815,27000,24000
draft,0,14,30,12005,3505.1348958333333,6554.9765625,0.8701067882700069,27000,46800
draft,0,14,46,12006,3505.1348958333333,9268.290104166666,1.6442035412629,27000,67000
draft,0,15,31,12005,3219.0265625,5981.1125,0.8580500607472077,24000,46800
draft,0,15,47,12006,3219.0265625,8376.085416666667,1.6020553897391663,24000,67000
draft,0,16,17,12001,8892.139583333334,7404.648958333333,-0.16728151993790397,67000,55600
draft,0,16,18,12002,8892.139583333334,7323.665104166666,-0.17638887294419914,67000,55600
draft,0,16,20,12003,8892.139583333334,7563.7125,-0.1493934132369249,67000,55600
draft,0,16,24,12004,8892.139583333334,8643.325,-0.02798140773674873,67000,67000
draft,0,16,48,12006,8892.139583333334,15893.83125,0.7874023569974136,67000,115300
draft,0,17,19,12002,7404.648958333333,6364.229166666667,-0.1405089961078787,55600,46800
draft,0,17,21,12003,7404.648958333333,6585.222395833333,-0.11066379609769372,55600,46800
draft,0,17,25,12004,7404.648958333333,7370.538020833334,-0.00460669205143216,55600,55600
draft,0,17,49,12006,7404.648958333333,13511.277604166668,0.8247019784727023,55600,101700
draft,0,18,19,12001,7323.665104166666,6364.229166666667,-0.13100488947182276,55600,46800
draft,0,18,22,12003,7323.665104166666,6523.985416666666,-0.10919118721649856,55600,46800
draft,0,18,26,12004,7323.665104166666,7271.069791666667,-0.0071815561951456,55600,55600
draft,0,18,50,12006,7323.665104166666,13023.801041666668,0.7783173938766004,55600,101700
draft,0,19,23,12003,6364.229166666667,5883.886979166667,-0.07547531286520037,46800,46800
draft,0,19,27,12004,6364.229166666667,6456.708333333333,0.014531086836256035,46800,46800
draft,0,19,51,12006,6364.229166666667,11495.3734375,0.8062475653309678,46800,88400
draft,0,20,21,12001,7563.7125,6585.222395833333,-0.12936637982560362,55600,46800
draft,0,20,22,12002,7563.7125,6523.985416666666,-0.13746253355522609,55600,46800
draft,0,20,28,12004,7563.7125,7401.802083333333,-0.021406209803276677,55600,55600
draft,0,20,52,12006,7563.7125,12903.421354166667,0.7059640162376171,55600,101700
draft,0,21,23,12002,6585.222395833333,5883.886979166667,-0.10650140185249057,46800,46800
draft,0,21,29,12004,6585.222395833333,6599.241145833334,0.00212881952306887,46800,46800
draft,0,21,53,12006,6585.222395833333,11440.8515625,0.7373523435957103,46800,88400
draft,0,22,23,12001,6523.985416666666,5883.886979166667,-0.0981146334056413,46800,46800
draft,0,22,30,12004,6523.985416666666,6554.9765625,0.004750339532360259,46800,46800
draft,0,22,54,12006,6523.985416666666,11164.015104166667,0.7112262506973468,46800,88400
draft,0,23,31,12004,5883.886979166667,5981.1125,0.016524029298588427,46800,46800
draft,0,23,55,12006,5883.886979166667,10129.053125,0.721490089946387,46800,77000
draft,0,24,25,12001,8643.325,7370.538020833334,-0.1472566378293848,67000,55600
draft,0,24,26,12002,8643.325,7271.069791666667,-0.15876473560040072,67000,55600
draft,0,24,28,12003,8643.325,7401.802083333333,-0.14363950408745108,67000,55600
draft,0,24,56,12006,8643.325,14209.486979166666,0.6439838811067113,67000,101700
draft,0,25,27,12002,7370.538020833334,6456.708333333333,-0.12398412231468015,55600,46800
draft,0,25,29,12003,7370.538020833334,6599.241145833334,-0.10464593939002498,55600,46800
draft,0,25,57,12006,7370.538020833334,12425.447916666666,0.6858264459860706,55600,88400
draft,0,26,27,12001,7271.069791666667,6456.708333333333,-0.11200022578062296,55600,46800
draft,0,26,30,12003,7271.069791666667,6554.9765625,-0.09848526416117986,55600,46800
draft,0,26,58,12006,7271.069791666667,12096.9953125,0.6637160224158898,55600,88400
draft,0,27,31,12003,6456.708333333333,5981.1125,-0.07365917876110761,46800,46800
draft,0,27,59,12006,6456.708333333333,10833.632291666667,0.6778878233878203,46800,77000
draft,0,28,29,12001,7401.802083333333,6599.241145833334,-0.10842777589353936,55600,46800
draft,0,28,30,12002,7401.802083333333,6554.9765625,-0.11440802000638917,55600,46800
draft,0,28,60,12006,7401.802083333333,11985.402083333332,0.6192546015680302,55600,88400
draft,0,29,31,12002,6599.241145833334,5981.1125,-0.09366662502151646,46800,46800
draft,0,29,61,12006,6599.241145833334,10806.269791666668,0.6375018813321576,46800,77000
draft,0,30,31,12001,6554.9765625,5981.1125,-0.08754631798120938,46800,46800
draft,0,30,62,12006,6554.9765625,10585.118229166666,0.614821674530841,46800,77000
draft,0,31,63,12006,5981.1125,9706.944270833334,0.622932902672092,46800,77000
draft,0,32,33,12001,14844.569791666667,12090.243229166666,-0.18554438432066944,115300,88400
draft,0,32,34,12002,14844.569791666667,11655.440625,-0.21483473158359612,115300,88400
draft,0,32,36,12003,14844.569791666667,11718.348958333334,-0.21059693054145,115300,88400
draft,0,32,40,12004,14844.569791666667,13293.416145833333,-0.10449300098303349,115300,101700
draft,0,32,48,12005,14844.569791666667,15893.83125,0.07068318402345075,115300,115300
draft,0,33,35,12002,12090.243229166666,9952.525,-0.176813500658912,88400,77000
draft,0,33,37,12003,12090.243229166666,10038.591145833334,-0.1696948559631869,88400,77000
draft,0,33,41,12004,12090.243229166666,11148.107291666667,-0.0779253088330909,88400,88400
draft,0,33,49,12005,12090.243229166666,13511.277604166668,0.11753563167131986,88400,101700
draft,0,34,35,12001,11655.440625,9952.525,-0.1461047831471407,88400,77000
draft,0,34,38,12003,11655.440625,9714.296354166667,-0.1665440486796983,88400,77000
draft,0,34,42,12004,11655.440625,10796.553125,-0.07368983529955553,88400,77000
draft,0,34,50,12005,11655.440625,13023.801041666668,0.11740100273271903,88400,101700
draft,0,35,39,12003,9952.525,8648.271354166667,-0.13104751264963743,77000,67000
draft,0,35,43,12004,9952.525,9478.091666666667,-0.04766964497284176,77000,67000
draft,0,35,51,12005,9952.525,11495.3734375,0.15502080502184135,77000,88400
draft,0,36,37,12001,11718.348958333334,10038.591145833334,-0.14334423889173098,88400,77000
draft,0,36,38,12002,11718.348958333334,9714.296354166667,-0.17101834151657636,88400,77000
draft,0,36,44,12004,11718.348958333334,10803.794791666667,-0.07804462641610399,88400,77000
draft,0,36,52,12005,11718.348958333334,12903.421354166667,0.10112963865874525,88400,101700
draft,0,37,39,12002,10038.591145833334,8648.271354166667,-0.13849750143910777,77000,67000
draft,0,37,45,12004,10038.591145833334,9482.0890625,-0.055436273402201364,77000,67000
draft,0,37,53,12005,10038.591145833334,11440.8515625,0.1396869736296309,77000,88400
draft,0,38,39,12001,9714.296354166667,8648.271354166667,-0.10973774745329434,77000,67000
draft,0,38,46,12004,9714.296354166667,9268.290104166666,-0.04591235780126257,77000,67000
draft,0,38,54,12005,9714.296354166667,11164.015104166667,0.1492355902214353,77000,88400
draft,0,39,47,12004,8648.271354166667,8376.085416666667,-0.031472872017234255,67000,67000
draft,0,39,55,12005,8648.271354166667,10129.053125,0.1712228617942133,67000,77000
draft,0,40,41,12001,13293.416145833333,11148.107291666667,-0.16138130565024766,101700,88400
draft,0,40,42,12002,13293.416145833333,10796.553125,-0.18782704110379822,101700,77000
draft,0,40,44,12003,13293.416145833333,10803.794791666667,-0.18728228521959034,101700,77000
draft,0,40,56,12005,13293.416145833333,14209.486979166666,0.06891161935229606,101700,101700
draft,0,41,43,12002,11148.107291666667,9478.091666666667,-0.1498026150365771,88400,67000
draft,0,41,45,12003,11148.107291666667,9482.0890625,-0.14944404333209416,88400,67000
draft,0,41,57,12005,11148.107291666667,12425.447916666666,0.11457914707681582,88400,88400
draft,0,42,43,12001,10796.553125,9478.091666666667,-0.12211873947809926,77000,67000
draft,0,42,46,12003,10796.553125,9268.290104166666,-0.14155101198868358,77000,67000
draft,0,42,58,12005,10796.553125,12096.9953125,0.12044975581037565,77000,88400
draft,0,43,47,12003,9478.091666666667,8376.085416666667,-0.11626879004300272,67000,67000
draft,0,43,59,12005,9478.091666666667,10833.632291666667,0.14301830713109442,67000,77000
draft,0,44,45,12001,10803.794791666667,9482.0890625,-0.1223371745440911,77000,67000
draft,0,44,46,12002,10803.794791666667,9268.290104166666,-0.14212642105016537,77000,67000
draft,0,44,60,12005,10803.794791666667,11985.402083333332,0.10936965339049931,77000,88400
draft,0,45,47,12002,9482.0890625,8376.085416666667,-0.11664134754939004,67000,67000
draft,0,45,61,12005,9482.0890625,10806.269791666668,0.1396507373468543,67000,77000
draft,0,46,47,12001,9268.290104166666,8376.085416666667,-0.09626421675114583,67000,67000
draft,0,46,62,12005,9268.290104166666,10585.118229166666,0.14207886354442056,67000,77000
draft,0,47,63,12005,8376.085416666667,9706.944270833334,0.1588879277088715,67000,77000
draft,0,48,49,12001,15893.83125,13511.277604166668,-0.14990429987315568,115300,101700
draft,0,48,50,12002,15893.83125,13023.801041666668,-0.18057510257845044,115300,101700
draft,0,48,52,12003,15893.83125,12903.421354166667,-0.1881490905997465,115300,101700
draft,0,48,56,12004,15893.83125,14209.486979166666,-0.10597471713016537,115300,101700
draft,0,49,51,12002,13511.277604166668,11495.3734375,-0.14920159482512552,101700,88400
draft,0,49,53,12003,13511.277604166668,11440.8515625,-0.1532368812426872,101700,88400
draft,0,49,57,12004,13511.277604166668,12425.447916666666,-0.08036469379958178,101700,88400
draft,0,50,51,12001,13023.801041666668,11495.3734375,-0.11735649210831867,101700,88400
draft,0,50,54,12003,13023.801041666668,11164.015104166667,-0.14279901324890032,101700,88400
draft,0,50,58,12004,13023.801041666668,12096.9953125,-0.0711624606519683,101700,88400
draft,0,51,55,12003,11495.3734375,10129.053125,-0.11885827980523145,88400,77000
draft,0,51,59,12004,11495.3734375,10833.632291666667,-0.057565867645031354,88400,77000
draft,0,52,53,12001,12903.421354166667,11440.8515625,-0.1133474410796006,101700,88400
draft,0,52,54,12002,12903.421354166667,11164.015104166667,-0.13480194145859814,101700,88400
draft,0,52,60,12004,12903.421354166667,11985.402083333332,-0.07114541528452023,101700,88400
draft,0,53,55,12002,11440.8515625,10129.053125,-0.11465916066944859,88400,77000
draft,0,53,61,12004,11440.8515625,10806.269791666668,-0.055466305752389866,88400,77000
draft,0,54,55,12001,11164.015104166667,10129.053125,-0.09270517546867119,88400,77000
draft,0,54,62,12004,11164.015104166667,10585.118229166666,-0.05185382405868855,88400,77000
draft,0,55,63,12004,10129.053125,9706.944270833334,-0.04167308127991154,77000,77000
draft,0,56,57,12001,14209.486979166666,12425.447916666666,-0.12555267231784517,101700,88400
draft,0,56,58,12002,14209.486979166666,12096.9953125,-0.14866769432027427,101700,88400
draft,0,56,60,12003,14209.486979166666,11985.402083333332,-0.15652112557576425,101700,88400
draft,0,57,59,12002,12425.447916666666,10833.632291666667,-0.1281093153080497,88400,77000
draft,0,57,61,12003,12425.447916666666,10806.269791666668,-0.1303114492016132,88400,77000
draft,0,58,59,12001,12096.9953125,10833.632291666667,-0.10443610071733112,88400,77000
draft,0,58,62,12003,12096.9953125,10585.118229166666,-0.12497955436678465,88400,77000
draft,0,59,63,12003,10833.632291666667,9706.944270833334,-0.10399910117865019,77000,77000
draft,0,60,61,12001,11985.402083333332,10806.269791666668,-0.09838070374846608,88400,77000
draft,0,60,62,12002,11985.402083333332,10585.118229166666,-0.11683244704104445,88400,77000
draft,0,61,63,12002,10806.269791666668,9706.944270833334,-0.10173034192437869,77000,77000
draft,0,62,63,12001,10585.118229166666,9706.944270833334,-0.08296307507587175,77000,77000
draft,1,0,1,12001,811.9734375,1068.2927083333334,0.3156744531231459,6100,8000
draft,1,0,2,12002,811.9734375,1720.5786458333334,1.119008536942852,6100,13100
draft,1,0,4,12003,811.9734375,2436.4583333333335,2.0006626089087223,6100,18900
draft,1,0,8,12004,811.9734375,2857.7625,2.519527078125631,6100,21500
draft,1,0,16,12005,811.9734375,7668.096354166667,8.443777345446312,6100,55300
draft,1,0,32,12006,811.9734375,12700.170833333334,14.641116133596837,6100,96700
draft,1,1,3,12002,1068.2927083333334,1783.9630208333333,0.6699196829832645,8000,13100
draft,1,1,5,12003,1068.2927083333334,2421.403125,1.2666101772590803,8000,18900
draft,1,1,9,12004,1068.2927083333334,2869.6588541666665,1.6862102790570233,8000,21500
draft,1,1,17,12005,1068.2927083333334,7147.05625,5.690166650252885,8000,55300
draft,1,1,33,12006,1068.2927083333334,11619.334895833334,9.876546105009844,8000,84300
draft,1,2,3,12001,1720.5786458333334,1783.9630208333333,0.03683898736828772,13100,13100
draft,1,2,6,12003,1720.5786458333334,2751.2734375,0.5990396278383816,13100,21500
draft,1,2,10,12004,1720.5786458333334,3222.3328125,0.8728192520018851,13100,25500
draft,1,2,18,12005,1720.5786458333334,7071.527604166667,3.1099705737320082,13100,55300
draft,1,2,34,12006,1720.5786458333334,11224.213541666666,5.5235108949236125,13100,84300
draft,1,3,7,12003,1783.9630208333333,2605.534375,0.4605316055166271,13100,18900
draft,1,3,11,12004,1783.9630208333333,2993.7364583333333,0.6781381807650277,13100,21500
draft,1,3,19,12005,1783.9630208333333,6380.501041666666,2.5765881731596525,13100,46800
draft,1,3,35,12006,1783.9630208333333,9936.5796875,4.569947118555393,13100,74500
draft,1,4,5,12001,2436.4583333333335,2421.403125,-0.006179136383069772,18900,18900
draft,1,4,6,12002,2436.4583333333335,2751.2734375,0.12921013253527147,18900,21500
draft,1,4,12,12004,2436.4583333333335,3698.2916666666665,0.517896536981616,18900,27700
draft,1,4,20,12005,2436.4583333333335,7197.983333333334,1.954281316802052,18900,55300
draft,1,4,36,12006,2436.4583333333335,10954.124479166667,3.495921120136811,18900,84300
draft,1,5,7,12002,2421.403125,2605.534375,0.07604320325637648,18900,18900
draft,1,5,13,12004,2421.403125,3417.4875,0.41136660175079287,18900,25500
draft,1,5,21,12005,2421.403125,6510.7484375,1.6888329209949298,18900,46800
draft,1,5,37,12006,2421.403125,9777.182291666666,3.03781683054806,18900,74500
draft,1,6,7,12001,2751.2734375,2605.534375,-0.0529714933141755,21500,18900
draft,1,6,14,12004,2751.2734375,3578.3880208333335,0.300629727332703,21500,25500
draft,1,6,22,12005,2751.2734375,6426.676041666667,1.3358914290636248,21500,46800
draft,1,6,38,12006,2751.2734375,9442.2203125,2.4319454343585214,21500,74500
draft,1,7,15,12004,2605.534375,3345.272395833333,0.28391029031552617,18900,25500
draft,1,7,23,12005,2605.534375,5909.665104166666,1.2681201832797413,18900,46800
draft,1,7,39,12006,2605.534375,8606.653645833334,2.303220148777862,18900,64500
draft,1,8,9,12001,2857.7625,2869.6588541666665,0.004162821146497242,21500,21500
draft,1,8,10,12002,2857.7625,3222.3328125,0.1275719422100332,21500,25500
draft,1,8,12,12003,2857.7625,3698.2916666666665,0.2941214207502081,21500,27700
draft,1,8,24,12005,2857.7625,8138.1453125,1.8477332572248395,21500,64500
draft,1,8,40,12006,2857.7625,12278.5359375,3.2965557625939876,21500,96700
draft,1,9,11,12002,2869.6588541666665,2993.7364583333333,0.04323775419733589,21500,21500
draft,1,9,13,12003,2869.6588541666665,3417.4875,0.19090375325899855,21500,25500
draft,1,9,25,12005,2869.6588541666665,7289.5265625,1.540206670181651,21500,55300
draft,1,9,41,12006,2869.6588541666665,10909.466145833334,2.801659604936345,21500,84300
draft,1,10,11,12001,3222.3328125,2993.7364583333333,-0.07094126133709744,25500,21500
draft,1,10,14,12003,3222.3328125,3578.3880208333335,0.1104960998913993,25500,25500
draft,1,10,26,12005,3222.3328125,7146.327604166667,1.2177496925347984,25500,55300
draft,1,10,42,12006,3222.3328125,10495.359895833333,2.2570688710737676,25500,74500
draft,1,11,15,12003,2993.7364583333333,3345.272395833333,0.11742380880637238,21500,25500
draft,1,11,27,12005,2993.7364583333333,6493.011458333333,1.1688654124044402,21500,46800
draft,1,11,43,12006,2993.7364583333333,9490.205208333333,2.170020254093007,21500,74500
draft,1,12,13,12001,3698.2916666666665,3417.4875,-0.07592807489944675,27700,25500
draft,1,12,14,12002,3698.2916666666665,3578.3880208333335,-0.032421360087427686,27700,25500
draft,1,12,28,12005,3698.2916666666665,7203.7109375,0.9478482463750155,27700,55300
draft,1,12,44,12006,3698.2916666666665,10267.1875,1.7761973433679965,27700,74500
draft,1,13,15,12002,3417.4875,3345.272395833333,-0.021131051442519366,25500,25500
draft,1,13,29,12005,3417.4875,6564.435416666666,0.9208367014266083,25500,46800
draft,1,13,45,12006,3417.4875,9332.408854166666,1.730780684396553,25500,74500
draft,1,14,15,12001,3578.3880208333335,3345.272395833333,-0.06514542962999093,25500,25500
draft,1,14,30,12005,3578.3880208333335,6483.398958333333,0.8118211106752704,25500,46800
draft,1,14,46,12006,3578.3880208333335,9069.90625,1.534634644760465,25500,64500
draft,1,15,31,12005,3345.272395833333,6016.960416666667,0.7986458813222579,25500,46800
draft,1,15,47,12006,3345.272395833333,8367.9703125,1.501431669039159,25500,64500
draft,1,16,17,12001,7668.096354166667,7147.05625,-0.06794908150620016,55300,55300
draft,1,16,18,12002,7668.096354166667,7071.527604166667,-0.07779880721971344,55300,55300
draft,1,16,20,12003,7668.096354166667,7197.983333333334,-0.06130765696206786,55300,55300
draft,1,16,24,12004,7668.096354166667,8138.1453125,0.061299302541747425,55300,64500
draft,1,16,48,12006,7668.096354166667,15061.525,0.9641804568373626,55300,113000
draft,1,17,19,12002,7147.05625,6380.501041666666,-0.10725467682352907,55300,46800
draft,1,17,21,12003,7147.05625,6510.7484375,-0.08903075479502476,55300,46800
draft,1,17,25,12004,7147.05625,7289.5265625,0.019934124976279666,55300,55300
draft,1,17,49,12006,7147.05625,13176.238541666668,0.8435895955998203,55300,96700
draft,1,18,19,12001,7071.527604166667,6380.501041666666,-0.09771955950406463,55300,46800
draft,1,18,22,12003,7071.527604166667,6426.676041666667,-0.09118985297038817,55300,46800
draft,1,18,26,12004,7071.527604166667,7146.327604166667,0.010577629641992381,55300,55300
draft,1,18,50,12006,7071.527604166667,12606.85625,0.7827627855927228,55300,96700
draft,1,19,23,12003,6380.501041666666,5909.665104166666,-0.07379294109119239,46800,46800
draft,1,19,27,12004,6380.501041666666,6493.011458333333,0.017633476733557307,46800,46800
draft,1,19,51,12006,6380.501041666666,11393.9796875,0.7857499925309548,46800,84300
draft,1,20,21,12001,7197.983333333334,6510.7484375,-0.09547603321763731,55300,46800
draft,1,20,22,12002,7197.983333333334,6426.676041666667,-0.1071560263407112,55300,46800
draft,1,20,28,12004,7197.983333333334,7203.7109375,0.0007957234549491599,55300,55300
draft,1,20,52,12006,7197.983333333334,12196.389583333334,0.6944175915013233,55300,96700
draft,1,21,23,12002,6510.7484375,5909.665104166666,-0.09232169528640832,46800,46800
draft,1,21,29,12004,6510.7484375,6564.435416666666,0.008245899788946742,46800,46800
draft,1,21,53,12006,6510.7484375,11091.005208333334,0.7034915900685701,46800,84300
draft,1,22,23,12001,6426.676041666667,5909.665104166666,-0.08044764263018944,46800,46800
draft,1,22,30,12004,6426.676041666667,6483.398958333333,0.00882616710394446,46800,46800
draft,1,22,54,12006,6426.676041666667,10727.796875,0.6692605641621698,46800,84300
draft,1,23,31,12004,5909.665104166666,6016.960416666667,0.0181559040332675,46800,46800
draft,1,23,55,12006,5909.665104166666,9943.556770833333,0.6825922612471784,46800,74500
draft,1,24,25,12001,8138.1453125,7289.5265625,-0.10427667698394882,64500,55300
draft,1,24,26,12002,8138.1453125,7146.327604166667,-0.12187269583524452,64500,55300
draft,1,24,28,12003,8138.1453125,7203.7109375,-0.11482153968972886,64500,55300
draft,1,24,56,12006,8138.1453125,13595.653125,0.670608302375407,64500,96700
draft,1,25,27,12002,7289.5265625,6493.011458333333,-0.10926842742630682,55300,46800
draft,1,25,29,12003,7289.5265625,6564.435416666666,-0.09947026595162833,55300,46800
draft,1,25,57,12006,7289.5265625,12185.0953125,0.6715893972023645,55300,96700
draft,1,26,27,12001,7146.327604166667,6493.011458333333,-0.09141984275285919,55300,46800
draft,1,26,30,12003,7146.327604166667,6483.398958333333,-0.09276493921812556,55300,46800
draft,1,26,58,12006,7146.327604166667,11739.748958333334,0.6427666920123383,55300,84300
draft,1,27,31,12003,6493.011458333333,6016.960416666667,-0.07331744980300137,46800,46800
draft,1,27,59,12006,6493.011458333333,10772.766145833333,0.6591324711135738,46800,84300
draft,1,28,29,12001,7203.7109375,6564.435416666666,-0.08874252817467854,55300,46800
draft,1,28,30,12002,7203.7109375,6483.398958333333,-0.09999179387070833,55300,46800
draft,1,28,60,12006,7203.7109375,11401.058333333332,0.5826646060967562,55300,84300
draft,1,29,31,12002,6564.435416666666,6016.960416666667,-0.0834001654750075,46800,46800
draft,1,29,61,12006,6564.435416666666,10525.802604166667,0.6034589322704511,46800,74500
draft,1,30,31,12001,6483.398958333333,6016.960416666667,-0.07194351985190373,46800,46800
draft,1,30,62,12006,6483.398958333333,10240.096875,0.5794334022647263,46800,74500
draft,1,31,63,12006,6016.960416666667,9549.459375,0.587090277102122,46800,74500
draft,1,32,33,12001,12700.170833333334,11619.334895833334,-0.08510404715684594,96700,84300
draft,1,32,34,12002,12700.170833333334,11224.213541666666,-0.11621554631318942,96700,84300
draft,1,32,36,12003,12700.170833333334,10954.124479166667,-0.13748211556209378,96700,84300
draft,1,32,40,12004,12700.170833333334,12278.5359375,-0.0331991515205996,96700,96700
draft,1,32,48,12005,12700.170833333334,15061.525,0.18593089791115003,96700,113000
draft,1,33,35,12002,11619.334895833334,9936.5796875,-0.14482371180615217,84300,74500
draft,1,33,37,12003,11619.334895833334,9777.182291666666,-0.15854200095629045,84300,74500
draft,1,33,41,12004,11619.334895833334,10909.466145833334,-0.061093750749413145,84300,84300
draft,1,33,49,12005,11619.334895833334,13176.238541666668,0.13399249266768587,84300,96700
draft,1,34,35,12001,11224.213541666666,9936.5796875,-0.11471929408565651,84300,74500
draft,1,34,38,12003,11224.213541666666,9442.2203125,-0.15876330422185292,84300,74500
draft,1,34,42,12004,11224.213541666666,10495.359895833333,-0.06493583208548848,84300,74500
draft,1,34,50,12005,11224.213541666666,12606.85625,0.12318392760443042,84300,96700
draft,1,35,39,12003,9936.5796875,8606.653645833334,-0.13384143070272803,74500,64500
draft,1,35,43,12004,9936.5796875,9490.205208333333,-0.04492234684417573,74500,74500
draft,1,35,51,12005,9936.5796875,11393.9796875,0.14667018690881894,74500,84300
draft,1,36,37,12001,10954.124479166667,9777.182291666666,-0.10744283486447437,84300,74500
draft,1,36,38,12002,10954.124479166667,9442.2203125,-0.13802145206055616,84300,74500
draft,1,36,44,12004,10954.124479166667,10267.1875,-0.06271034992099389,84300,74500
draft,1,36,52,12005,10954.124479166667,12196.389583333334,0.11340615185899106,84300,96700
draft,1,37,39,12002,9777.182291666666,8606.653645833334,-0.11972044817360139,74500,64500
draft,1,37,45,12004,9777.182291666666,9332.408854166666,-0.0454909629617003,74500,74500
draft,1,37,53,12005,9777.182291666666,11091.005208333334,0.13437643663312615,74500,84300
draft,1,38,39,12001,9442.2203125,8606.653645833334,-0.0884926043888754,74500,64500
draft,1,38,46,12004,9442.2203125,9069.90625,-0.03943077477308121,74500,64500
draft,1,38,54,12005,9442.2203125,10727.796875,0.13615193460357,74500,84300
draft,1,39,47,12004,8606.653645833334,8367.9703125,-0.027732419957306687,64500,64500
draft,1,39,55,12005,8606.653645833334,9943.556770833333,0.15533367322701808,64500,74500
draft,1,40,41,12001,12278.5359375,10909.466145833334,-0.11150106157896045,96700,84300
draft,1,40,42,12002,12278.5359375,10495.359895833333,-0.14522708983736832,96700,74500
draft,1,40,44,12003,12278.5359375,10267.1875,-0.16381011936098355,96700,74500
draft,1,40,56,12005,12278.5359375,13595.653125,0.10726988903272905,96700,96700
draft,1,41,43,12002,10909.466145833334,9490.205208333333,-0.13009444445107532,84300,74500
draft,1,41,45,12003,10909.466145833334,9332.408854166666,-0.14455861273000925,84300,74500
draft,1,41,57,12005,10909.466145833334,12185.0953125,0.11692865165119626,84300,96700
draft,1,42,43,12001,10495.359895833333,9490.205208333333,-0.09577134061872883,74500,74500
draft,1,42,46,12003,10495.359895833333,9069.90625,-0.1358175098311054,74500,64500
draft,1,42,58,12005,10495.359895833333,11739.748958333334,0.11856563994475544,74500,84300
draft,1,43,47,12003,9490.205208333333,8367.9703125,-0.11825191038523597,74500,64500
draft,1,43,59,12005,9490.205208333333,10772.766145833333,0.13514575389516192,74500,84300
draft,1,44,45,12001,10267.1875,9332.408854166666,-0.09104524932785474,74500,74500
draft,1,44,46,12002,10267.1875,9069.90625,-0.1166123877644194,74500,64500
draft,1,44,60,12005,10267.1875,11401.058333333332,0.11043636179171101,74500,84300
draft,1,45,47,12002,9332.408854166666,8367.9703125,-0.10334293714918752,74500,64500
draft,1,45,61,12005,9332.408854166666,10525.802604166667,0.12787628238846205,74500,74500
draft,1,46,47,12001,9069.90625,8367.9703125,-0.07739175225763772,64500,64500
draft,1,46,62,12005,9069.90625,10240.096875,0.12901904305791456,64500,74500
draft,1,47,63,12005,8367.9703125,9549.459375,0.1411918324728163,64500,74500
draft,1,48,49,12001,15061.525,13176.238541666668,-0.12517234863888826,113000,96700
draft,1,48,50,12002,15061.525,12606.85625,-0.16297610965689058,113000,96700
draft,1,48,52,12003,15061.525,12196.389583333334,-0.19022877276150096,113000,96700
draft,1,48,56,12004,15061.525,13595.653125,-0.09732559451981115,113000,96700
draft,1,49,51,12002,13176.238541666668,11393.9796875,-0.13526309868561548,96700,84300
draft,1,49,53,12003,13176.238541666668,11091.005208333334,-0.15825710249091862,96700,84300
draft,1,49,57,12004,13176.238541666668,12185.0953125,-0.0752220162098931,96700,96700
draft,1,50,51,12001,12606.85625,11393.9796875,-0.09620769353184311,96700,84300
draft,1,50,54,12003,12606.85625,10727.796875,-0.14905059102264295,96700,84300
draft,1,50,58,12004,12606.85625,11739.748958333334,-0.06878061226934884,96700,84300
draft,1,51,55,12003,11393.9796875,9943.556770833333,-0.12729730580947785,84300,74500
draft,1,51,59,12004,11393.9796875,10772.766145833333,-0.05452120845433672,84300,84300
draft,1,52,53,12001,12196.389583333334,11091.005208333334,-0.09063209792105487,96700,84300
draft,1,52,54,12002,12196.389583333334,10727.796875,-0.12041208574873674,96700,84300
draft,1,52,60,12004,12196.389583333334,11401.058333333332,-0.06521038415227742,96700,84300
draft,1,53,55,12002,11091.005208333334,9943.556770833333,-0.10345756907929815,84300,74500
draft,1,53,61,12004,11091.005208333334,10525.802604166667,-0.05096044889979823,84300,74500
draft,1,54,55,12001,10727.796875,9943.556770833333,-0.07310355642492228,84300,74500
draft,1,54,62,12004,10727.796875,10240.096875,-0.045461338025194586,84300,74500
draft,1,55,63,12004,9943.556770833333,9549.459375,-0.039633443536955304,74500,74500
draft,1,56,57,12001,13595.653125,12185.0953125,-0.10375064732316797,96700,96700
draft,1,56,58,12002,13595.653125,11739.748958333334,-0.13650717252075129,96700,84300
draft,1,56,60,12003,13595.653125,11401.058333333332,-0.16141885729867556,96700,84300
draft,1,57,59,12002,12185.0953125,10772.766145833333,-0.11590628800562908,96700,84300
draft,1,57,61,12003,12185.0953125,10525.802604166667,-0.13617396218732558,96700,74500
draft,1,58,59,12001,11739.748958333334,10772.766145833333,-0.082368270048364,84300,84300
draft,1,58,62,12003,11739.748958333334,10240.096875,-0.12774140985943505,84300,74500
draft,1,59,63,12003,10772.766145833333,9549.459375,-0.11355549301573586,84300,74500
draft,1,60,61,12001,11401.058333333332,10525.802604166667,-0.07676969133713452,84300,74500
draft,1,60,62,12002,11401.058333333332,10240.096875,-0.1018292709668035,84300,74500
draft,1,61,63,12002,10525.802604166667,9549.459375,-0.09275712892242338,74500,74500
draft,1,62,63,12001,10240.096875,9549.459375,-0.06744443030476688,74500,74500
draft,2,0,1,12001,813.6713541666667,1042.3588541666666,0.2810563488918858,6100,7800
draft,2,0,2,12002,813.6713541666667,1555.8276041666666,0.9121081210485651,6100,12300
draft,2,0,4,12003,813.6713541666667,2076.679166666667,1.552233350765467,6100,16100
draft,2,0,8,12004,813.6713541666667,2557.032291666667,2.1425861050319126,6100,19100
draft,2,0,16,12005,813.6713541666667,6886.1828125,7.463100952537015,6100,50600
draft,2,0,32,12006,813.6713541666667,11351.008854166666,12.950360665937376,6100,83900
draft,2,1,3,12002,1042.3588541666666,1713.3958333333333,0.643767716352484,7800,12300
draft,2,1,5,12003,1042.3588541666666,2212.2630208333335,1.1223621903245298,7800,16100
draft,2,1,9,12004,1042.3588541666666,2591.634375,1.4863168424581867,7800,19100
draft,2,1,17,12005,1042.3588541666666,7018.073958333333,5.732877003231353,7800,50600
draft,2,1,33,12006,1042.3588541666666,11445.7765625,9.980648858833305,7800,83900
draft,2,2,3,12001,1555.8276041666666,1713.3958333333333,0.10127614958410747,12300,12300
draft,2,2,6,12003,1555.8276041666666,2583.121875,0.6602879831172384,12300,19100
draft,2,2,10,12004,1555.8276041666666,2974.0182291666665,0.9115345564006831,12300,23000
draft,2,2,18,12005,1555.8276041666666,7135.910416666667,3.586568844488916,12300,50600
draft,2,2,34,12006,1555.8276041666666,11365.194270833334,6.304918771460394,12300,83900
draft,2,3,7,12003,1713.3958333333333,2507.3953125,0.4634069160901231,12300,19100
draft,2,3,11,12004,1713.3958333333333,2883.0817708333334,0.6826711695828218,12300,23000
draft,2,3,19,12005,1713.3958333333333,6674.707291666667,2.895601449363472,12300,50600
draft,2,3,35,12006,1713.3958333333333,10508.654166666667,5.133232007587273,12300,83900
draft,2,4,5,12001,2076.679166666667,2212.2630208333335,0.06528878237089275,16100,16100
draft,2,4,6,12002,2076.679166666667,2583.121875,0.24387142533251183,16100,19100
draft,2,4,12,12004,2076.679166666667,3373.3166666666666,0.624380270584246,16100,25200
draft,2,4,20,12005,2076.679166666667,7348.080729166667,2.5383803367957256,16100,56600
draft,2,4,36,12006,2076.679166666667,11390.609895833333,4.485011877938134,16100,83900
draft,2,5,7,12002,2212.2630208333335,2507.3953125,0.13340741534227396,16100,19100
draft,2,5,13,12004,2212.2630208333335,3262.2625,0.4746268726994063,16100,25200
draft,2,5,21,12005,2212.2630208333335,6880.130208333333,2.109996480319808,16100,50600
draft,2,5,37,12006,2212.2630208333335,10585.0625,3.7847215273764014,16100,83900
draft,2,6,7,12001,2583.121875,2507.3953125,-0.029315907713413636,19100,19100
draft,2,6,14,12004,2583.121875,3460.0057291666667,0.3394666982821579,19100,25200
draft,2,6,22,12005,2583.121875,6824.610416666666,1.6420009379800042,19100,50600
draft,2,6,38,12006,2583.121875,10280.966666666667,2.98005481900333,19100,73100
draft,2,7,15,12004,2507.3953125,3249.25625,0.2958691570498022,19100,23000
draft,2,7,23,12005,2507.3953125,6363.359375,1.5378365123668551,19100,50600
draft,2,7,39,12006,2507.3953125,9524.966666666667,2.7987494908291084,19100,73100
draft,2,8,9,12001,2557.032291666667,2591.634375,0.013532126068998451,19100,19100
draft,2,8,10,12002,2557.032291666667,2974.0182291666665,0.16307417738092367,19100,23000
draft,2,8,12,12003,2557.032291666667,3373.3166666666666,0.319231156235398,19100,25200
draft,2,8,24,12005,2557.032291666667,7748.261979166667,2.0301776025348395,19100,56600
draft,2,8,40,12006,2557.032291666667,11871.302604166667,3.6426095762869632,19100,83900
draft,2,9,11,12002,2591.634375,2883.0817708333334,0.11245698800909487,19100,23000
draft,2,9,13,12003,2591.634375,3262.2625,0.25876648784611045,19100,25200
draft,2,9,25,12005,2591.634375,7377.444791666667,1.8466379605212122,19100,56600
draft,2,9,41,12006,2591.634375,11247.860416666666,3.3400645265274607,19100,83900
draft,2,10,11,12001,2974.0182291666665,2883.0817708333334,-0.030576967364054797,23000,23000
draft,2,10,14,12003,2974.0182291666665,3460.0057291666667,0.16341106965446417,23000,25200
draft,2,10,26,12005,2974.0182291666665,7332.034375,1.465362956788086,23000,56600
draft,2,10,42,12006,2974.0182291666665,10995.504166666668,2.6971878850075703,23000,83900
draft,2,11,15,12003,2883.0817708333334,3249.25625,0.12700801027257258,23000,23000
draft,2,11,27,12005,2883.0817708333334,6794.814583333334,1.3567887154894476,23000,50600
draft,2,11,43,12006,2883.0817708333334,10116.475520833334,2.508910369166963,23000,73100
draft,2,12,13,12001,3373.3166666666666,3262.2625,-0.032921358307106297,25200,25200
draft,2,12,14,12002,3373.3166666666666,3460.0057291666667,0.025698465654474534,25200,25200
draft,2,12,28,12005,3373.3166666666666,7493.9578125,1.2215399717883981,25200,56600
draft,2,12,44,12006,3373.3166666666666,11024.615625,2.268182834401356,25200,83900
draft,2,13,15,12002,3262.2625,3249.25625,-0.0039868802709776,25200,23000
draft,2,13,29,12005,3262.2625,6954.722916666667,1.1318710302027095,25200,50600
draft,2,13,45,12006,3262.2625,10170.353125,2.117576566876516,25200,73100
draft,2,14,15,12001,3460.0057291666667,3249.25625,-0.060910153237643705,25200,23000
draft,2,14,30,12005,3460.0057291666667,6866.718229166667,0.9845973581149237,25200,50600
draft,2,14,46,12006,3460.0057291666667,9892.714583333332,1.8591613302663421,25200,73100
draft,2,15,31,12005,3249.25625,6433.7453125,0.9800670730417154,23000,50600
draft,2,15,47,12006,3249.25625,9205.708854166667,1.8331741622922686,23000,73100
draft,2,16,17,12001,6886.1828125,7018.073958333333,0.019153012550570114,50600,50600
draft,2,16,18,12002,6886.1828125,7135.910416666667,0.03626502678862287,50600,50600
draft,2,16,20,12003,6886.1828125,7348.080729166667,0.06707604622813901,50600,56600
draft,2,16,24,12004,6886.1828125,7748.261979166667,0.1251897009039311,50600,56600
draft,2,16,48,12006,6886.1828125,13827.055729166666,1.0079420058479118,50600,103700
draft,2,17,19,12002,7018.073958333333,6674.707291666667,-0.04892605417173601,50600,50600
draft,2,17,21,12003,7018.073958333333,6880.130208333333,-0.019655499616985983,50600,50600
draft,2,17,25,12004,7018.073958333333,7377.444791666667,0.05120647566083458,50600,56600
draft,2,17,49,12006,7018.073958333333,12688.9453125,0.8080381295259813,50600,95200
draft,2,18,19,12001,7135.910416666667,6674.707291666667,-0.06463129412650859,50600,50600
draft,2,18,22,12003,7135.910416666667,6824.610416666666,-0.0436244265725263,50600,50600
draft,2,18,26,12004,7135.910416666667,7332.034375,0.027484083583121377,50600,56600
draft,2,18,50,12006,7135.910416666667,12263.321875,0.7185364107651528,50600,95200
draft,2,19,23,12003,6674.707291666667,6363.359375,-0.04664592813761026,50600,50600
draft,2,19,27,12004,6674.707291666667,6794.814583333334,0.017994390827687834,50600,50600
draft,2,19,51,12006,6674.707291666667,11318.978125,0.6958014232521743,50600,83900
draft,2,20,21,12001,7348.080729166667,6880.130208333333,-0.06368336686556841,56600,50600
draft,2,20,22,12002,7348.080729166667,6824.610416666666,-0.07123905299817879,56600,50600
draft,2,20,28,12004,7348.080729166667,7493.9578125,0.019852406187415017,56600,56600
draft,2,20,52,12006,7348.080729166667,12243.1578125,0.6661708361345773,56600,95200
draft,2,21,23,12002,6880.130208333333,6363.359375,-0.07511061821292442,50600,50600
draft,2,21,29,12004,6880.130208333333,6954.722916666667,0.010841758233439469,50600,50600
draft,2,21,53,12006,6880.130208333333,11318.2515625,0.6450635699875471,50600,83900
draft,2,22,23,12001,6824.610416666666,6363.359375,-0.06758642816302396,50600,50600
draft,2,22,30,12004,6824.610416666666,6866.718229166667,0.006169995051610089,50600,50600
draft,2,22,54,12006,6824.610416666666,11005.9953125,0.6126921011669468,50600,83900
draft,2,23,31,12004,6363.359375,6433.7453125,0.011061128776810536,50600,50600
draft,2,23,55,12006,6363.359375,10290.9171875,0.617214521614222,50600,73100
draft,2,24,25,12001,7748.261979166667,7377.444791666667,-0.047858111728416475,56600,56600
draft,2,24,26,12002,7748.261979166667,7332.034375,-0.05371883466070315,56600,56600
draft,2,24,28,12003,7748.261979166667,7493.9578125,-0.032820801277813505,56600,56600
draft,2,24,56,12006,7748.261979166667,13247.331770833332,0.7097165540417227,56600,95200
draft,2,25,27,12002,7377.444791666667,6794.814583333334,-0.07897452638228541,56600,50600
draft,2,25,29,12003,7377.444791666667,6954.722916666667,-0.05729922580749014,56600,50600
draft,2,25,57,12006,7377.444791666667,12132.390625,0.6445247599418666,56600,95200
draft,2,26,27,12001,7332.034375,6794.814583333334,-0.07327022272268957,56600,50600
draft,2,26,30,12003,7332.034375,6866.718229166667,-0.06346344302747942,56600,50600
draft,2,26,58,12006,7332.034375,11717.3765625,0.5981071505137343,56600,83900
draft,2,27,31,12003,6794.814583333334,6433.7453125,-0.05313894388214546,50600,50600
draft,2,27,59,12006,6794.814583333334,10909.136458333332,0.6055090723287455,50600,83900
draft,2,28,29,12001,7493.9578125,6954.722916666667,-0.07195595562786383,56600,50600
draft,2,28,30,12002,7493.9578125,6866.718229166667,-0.08369937475322997,56600,50600
draft,2,28,60,12006,7493.9578125,11714.152604166668,0.5631463236458762,56600,83900
draft,2,29,31,12002,6954.722916666667,6433.7453125,-0.07490990085574334,50600,50600
draft,2,29,61,12006,6954.722916666667,10903.9046875,0.5678417124813564,50600,83900
draft,2,30,31,12001,6866.718229166667,6433.7453125,-0.06305383477475401,50600,50600
draft,2,30,62,12006,6866.718229166667,10625.261458333332,0.5473565542855827,50600,83900
draft,2,31,63,12006,6433.7453125,9995.6640625,0.5536306734243297,50600,73100
draft,2,32,33,12001,11351.008854166666,11445.7765625,0.008348835733534399,83900,83900
draft,2,32,34,12002,11351.008854166666,11365.194270833334,0.0012497053653042212,83900,83900
draft,2,32,36,12003,11351.008854166666,11390.609895833333,0.0034887684588609247,83900,83900
draft,2,32,40,12004,11351.008854166666,11871.302604166667,0.04583678479019193,83900,83900
draft,2,32,48,12005,11351.008854166666,13827.055729166666,0.21813452062378635,83900,103700
draft,2,33,35,12002,11445.7765625,10508.654166666667,-0.08187495105431664,83900,83900
draft,2,33,37,12003,11445.7765625,10585.0625,-0.07519927178379249,83900,83900
draft,2,33,41,12004,11445.7765625,11247.860416666666,-0.017291631087904435,83900,83900
draft,2,33,49,12005,11445.7765625,12688.9453125,0.10861375313519717,83900,95200
draft,2,34,35,12001,11365.194270833334,10508.654166666667,-0.07536519691219168,83900,83900
draft,2,34,38,12003,11365.194270833334,10280.966666666667,-0.09539895036806678,83900,73100
draft,2,34,42,12004,11365.194270833334,10995.504166666668,-0.03252826967642841,83900,83900
draft,2,34,50,12005,11365.194270833334,12263.321875,0.07902439525134586,83900,95200
draft,2,35,39,12003,10508.654166666667,9524.966666666667,-0.09360737201917313,83900,73100
draft,2,35,43,12004,10508.654166666667,10116.475520833334,-0.03731958818069392,83900,73100
draft,2,35,51,12005,10508.654166666667,11318.978125,0.07711015563759549,83900,83900
draft,2,36,37,12001,11390.609895833333,10585.0625,-0.07072030411014263,83900,83900
draft,2,36,38,12002,11390.609895833333,10280.966666666667,-0.097417367403002,83900,73100
draft,2,36,44,12004,11390.609895833333,11024.615625,-0.03213122687725556,83900,83900
draft,2,36,52,12005,11390.609895833333,12243.1578125,0.07484655558070918,83900,95200
draft,2,37,39,12002,10585.0625,9524.966666666667,-0.10015017231436596,83900,73100
draft,2,37,45,12004,10585.0625,10170.353125,-0.03917873654501336,83900,73100
draft,2,37,53,12005,10585.0625,11318.2515625,0.0692663895465897,83900,83900
draft,2,38,39,12001,10280.966666666667,9524.966666666667,-0.07353394136089664,73100,73100
draft,2,38,46,12004,10280.966666666667,9892.714583333332,-0.037764161281851005,73100,73100
draft,2,38,54,12005,10280.966666666667,11005.9953125,0.07052144699428387,73100,83900
draft,2,39,47,12004,9524.966666666667,9205.708854166667,-0.03351799787575804,73100,73100
draft,2,39,55,12005,9524.966666666667,10290.9171875,0.08041503426083718,73100,73100
draft,2,40,41,12001,11871.302604166667,11247.860416666666,-0.05251674633255332,83900,83900
draft,2,40,42,12002,11871.302604166667,10995.504166666668,-0.0737744177452444,83900,83900
draft,2,40,44,12003,11871.302604166667,11024.615625,-0.0713221629839923,83900,83900
draft,2,40,56,12005,11871.302604166667,13247.331770833332,0.11591223074237011,83900,95200
draft,2,41,43,12002,11247.860416666666,10116.475520833334,-0.10058667639197305,83900,73100
draft,2,41,45,12003,11247.860416666666,10170.353125,-0.09579664502860086,83900,73100
draft,2,41,57,12005,11247.860416666666,12132.390625,0.07863986354441854,83900,95200
draft,2,42,43,12001,10995.504166666668,10116.475520833334,-0.07994436930851667,83900,73100
draft,2,42,46,12003,10995.504166666668,9892.714583333332,-0.10029459009951436,83900,73100
draft,2,42,58,12005,10995.504166666668,11717.3765625,0.06565159586058078,83900,83900
draft,2,43,47,12003,10116.475520833334,9205.708854166667,-0.09002806014714138,73100,73100
draft,2,43,59,12005,10116.475520833334,10909.136458333332,0.0783534676545834,73100,83900
draft,2,44,45,12001,11024.615625,10170.353125,-0.07748682848069821,83900,73100
draft,2,44,46,12002,11024.615625,9892.714583333332,-0.10267034064207281,83900,73100
draft,2,44,60,12005,11024.615625,11714.152604166668,0.06254521723215789,83900,83900
draft,2,45,47,12002,10170.353125,9205.708854166667,-0.09484865067881632,73100,73100
draft,2,45,61,12005,10170.353125,10903.9046875,0.07212645947335283,73100,83900
draft,2,46,47,12001,9892.714583333332,9205.708854166667,-0.06944562317850478,73100,73100
draft,2,46,62,12005,9892.714583333332,10625.261458333332,0.07404912664054342,73100,83900
draft,2,47,63,12005,9205.708854166667,9995.6640625,0.08581144818367625,73100,73100
draft,2,48,49,12001,13827.055729166666,12688.9453125,-0.08231039484898772,103700,95200
draft,2,48,50,12002,13827.055729166666,12263.321875,-0.11309232310882644,103700,95200
draft,2,48,52,12003,13827.055729166666,12243.1578125,-0.1145506279638121,103700,95200
draft,2,48,56,12004,13827.055729166666,13247.331770833332,-0.04192678251165716,103700,95200
draft,2,49,51,12002,12688.9453125,11318.978125,-0.10796541034426499,95200,83900
draft,2,49,53,12003,12688.9453125,11318.2515625,-0.1080226698313308,95200,83900
draft,2,49,57,12004,12688.9453125,12132.390625,-0.04386138278582796,95200,95200
draft,2,50,51,12001,12263.321875,11318.978125,-0.07700554218715716,95200,83900
draft,2,50,54,12003,12263.321875,11005.9953125,-0.10252740450882114,95200,83900
draft,2,50,58,12004,12263.321875,11717.3765625,-0.04451855036219543,95200,83900
draft,2,51,55,12003,11318.978125,10290.9171875,-0.09082630305904937,83900,73100
draft,2,51,59,12004,11318.978125,10909.136458333332,-0.03620836281690998,83900,83900
draft,2,52,53,12001,12243.1578125,11318.2515625,-0.07554474623006902,95200,83900
draft,2,52,54,12002,12243.1578125,11005.9953125,-0.10104929781570604,95200,83900
draft,2,52,60,12004,12243.1578125,11714.152604166668,-0.04320823242131444,95200,83900
draft,2,53,55,12002,11318.2515625,10290.9171875,-0.09076793967045216,83900,73100
draft,2,53,61,12004,11318.2515625,10903.9046875,-0.03660873525490693,83900,83900
draft,2,54,55,12001,11005.9953125,10290.9171875,-0.06497169085542442,83900,73100
draft,2,54,62,12004,11005.9953125,10625.261458333332,-0.03459331422159073,83900,83900
draft,2,55,63,12004,10290.9171875,9995.6640625,-0.028690652117833837,73100,73100
draft,2,56,57,12001,13247.331770833332,12132.390625,-0.08416345005324766,95200,95200
draft,2,56,58,12002,13247.331770833332,11717.3765625,-0.11549157481673689,95200,83900
draft,2,56,60,12003,13247.331770833332,11714.152604166668,-0.11573494143494367,95200,83900
draft,2,57,59,12002,12132.390625,10909.136458333332,-0.10082548480973164,95200,83900
draft,2,57,61,12003,12132.390625,10903.9046875,-0.1012567082178002,95200,83900
draft,2,58,59,12001,11717.3765625,10909.136458333332,-0.06897790643285617,83900,83900
draft,2,58,62,12003,11717.3765625,10625.261458333332,-0.09320474581843219,83900,83900
draft,2,59,63,12003,10909.136458333332,9995.6640625,-0.08373461999694243,83900,73100
draft,2,60,61,12001,11714.152604166668,10903.9046875,-0.06916829104466893,83900,83900
draft,2,60,62,12002,11714.152604166668,10625.261458333332,-0.09295517846045664,83900,83900
draft,2,61,63,12002,10903.9046875,9995.6640625,-0.0832949893666246,83900,73100
draft,2,62,63,12001,10625.261458333332,9995.6640625,-0.0592547673581757,83900,73100
flat,0,0,1,12001,805.9104166666667,1122.3833333333334,0.39268994434348325,6000,8400
flat,0,0,2,12002,805.9104166666667,1840.7442708333333,1.284055687537645,6000,13700
flat,0,0,4,12003,805.9104166666667,2591.215625,2.2152650858113363,6000,19400
flat,0,0,8,12004,805.9104166666667,3170.8385416666665,2.9344801557245037,6000,23200
flat,0,0,16,12005,805.9104166666667,9358.657291666666,10.612528015675853,6000,71000
flat,0,0,32,12006,805.9104166666667,15653.864583333334,18.423827089962955,6000,119800
flat,0,1,3,12002,1122.3833333333334,1820.4427083333333,0.6219438174717489,8400,13700
flat,0,1,5,12003,1122.3833333333334,2430.547395833333,1.1655234211425087,8400,19400
flat,0,1,9,12004,1122.3833333333334,2917.7630208333335,1.599613638388548,8400,23200
flat,0,1,17,12005,1122.3833333333334,7956.338541666667,6.088788923867365,8400,58300
flat,0,1,33,12006,1122.3833333333334,13045.120833333332,10.622696494067682,8400,92300
flat,0,2,3,12001,1840.7442708333333,1820.4427083333333,-0.01102899670621238,13700,13700
flat,0,2,6,12003,1840.7442708333333,2743.5661458333334,0.49046567157928944,13700,19400
flat,0,2,10,12004,1840.7442708333333,3243.7703125,0.7622058446127853,13700,23200
flat,0,2,18,12005,1840.7442708333333,7722.5984375,3.1953673630090185,13700,58300
flat,0,2,34,12006,1840.7442708333333,12366.118229166666,5.717999031754875,13700,92300
flat,0,3,7,12003,1820.4427083333333,2562.789583333333,0.4077837064587655,13700,19400
flat,0,3,11,12004,1820.4427083333333,2956.055729166667,0.6238114584078394,13700,23200
flat,0,3,19,12005,1820.4427083333333,6809.142708333334,2.7403773692868896,13700,49500
flat,0,3,35,12006,1820.4427083333333,10732.043229166668,4.89529304055504,13700,80600
flat,0,4,5,12001,2591.215625,2430.547395833333,-0.06200496308240133,19400,19400
flat,0,4,6,12002,2591.215625,2743.5661458333334,0.058794999290471495,19400,19400
flat,0,4,12,12004,2591.215625,3745.126041666667,0.4453162467583789,19400,26700
flat,0,4,20,12005,2591.215625,7904.436979166667,2.050474419382473,19400,58300
flat,0,4,36,12006,2591.215625,12296.8296875,3.7455833350418306,19400,92300
flat,0,5,7,12002,2430.547395833333,2562.789583333333,0.054408396942475346,19400,19400
flat,0,5,13,12004,2430.547395833333,3373.6442708333334,0.3880183026328732,19400,26700
flat,0,5,21,12005,2430.547395833333,6981.499479166667,1.8723980001932867,19400,49500
flat,0,5,37,12006,2430.547395833333,10699.719791666666,3.4021852073360535,19400,80600
flat,0,6,7,12001,2743.5661458333334,2562.789583333333,-0.0658910895130217,19400,19400
flat,0,6,14,12004,2743.5661458333334,3542.4703125,0.2911918737151522,19400,26700
flat,0,6,22,12005,2743.5661458333334,6835.11875,1.4913263929796359,19400,49500
flat,0,6,38,12006,2743.5661458333334,10249.475,2.7358220852688118,19400,80600
flat,0,7,15,12004,2562.789583333333,3270.3958333333335,0.27610782196158334,19400,23200
flat,0,7,23,12005,2562.789583333333,6228.7828125,1.430469849342229,19400,49500
flat,0,7,39,12006,2562.789583333333,9238.0140625,2.60467130137326,19400,71000
flat,0,8,9,12001,3170.8385416666665,2917.7630208333335,-0.07981343657451279,23200,23200
flat,0,8,10,12002,3170.8385416666665,3243.7703125,0.02300078350725432,23200,23200
flat,0,8,12,12003,3170.8385416666665,3745.126041666667,0.18111533982368644,23200,26700
flat,0,8,24,12005,3170.8385416666665,9000.649479166666,1.8385707316512292,23200,71000
flat,0,8,40,12006,3170.8385416666665,13932.1453125,3.3938362453412534,23200,104600
flat,0,9,11,12002,2917.7630208333335,2956.055729166667,0.013123995355317275,23200,23200
flat,0,9,13,12003,2917.7630208333335,3373.6442708333334,0.15624341207456838,23200,26700
flat,0,9,25,12005,2917.7630208333335,7800.5390625,1.6734655990917697,23200,58300
flat,0,9,41,12006,2917.7630208333335,11895.863020833332,3.077049073517901,23200,92300
flat,0,10,11,12001,3243.7703125,2956.055729166667,-0.0886975820157837,23200,23200
flat,0,10,14,12003,3243.7703125,3542.4703125,0.09208420178486376,23200,26700
flat,0,10,26,12005,3243.7703125,7596.528125,1.3418822521824287,23200,58300
flat,0,10,42,12006,3243.7703125,11377.713541666666,2.507558318115863,23200,80600
flat,0,11,15,12003,2956.055729166667,3270.3958333333335,0.10633767863885346,23200,23200
flat,0,11,27,12005,2956.055729166667,6821.535416666667,1.3076477717792234,23200,49500
flat,0,11,43,12006,2956.055729166667,10118.457291666668,2.4229589083285425,23200,80600
flat,0,12,13,12001,3745.126041666667,3373.6442708333334,-0.0991907259463064,26700,26700
flat,0,12,14,12002,3745.126041666667,3542.4703125,-0.05411185816231712,26700,26700
flat,0,12,28,12005,3745.126041666667,7681.479166666667,1.05106025303443,26700,58300
flat,0,12,44,12006,3745.126041666667,11298.298958333333,2.016800725164735,26700,80600
flat,0,13,15,12002,3373.6442708333334,3270.3958333333335,-0.03060442335092317,26700,23200
flat,0,13,29,12005,3373.6442708333334,6926.3453125,1.0530751781927212,26700,49500
flat,0,13,45,12006,3373.6442708333334,10042.983854166667,1.9768947310161784,26700,71000
flat,0,14,15,12001,3542.4703125,3270.3958333333335,-0.07680360177095102,26700,23200
flat,0,14,30,12005,3542.4703125,6822.302604166666,0.9258602055445357,26700,49500
flat,0,14,46,12006,3542.4703125,9735.541145833333,1.7482350696011184,26700,71000
flat,0,15,31,12005,3270.3958333333335,6277.490625,0.9194895495575841,23200,49500
flat,0,15,47,12006,3270.3958333333335,8884.1609375,1.7165399512036643,23200,71000
flat,0,16,17,12001,9358.657291666666,7956.338541666667,-0.14984187435185625,71000,58300
flat,0,16,18,12002,9358.657291666666,7722.5984375,-0.17481769052740936,71000,58300
flat,0,16,20,12003,9358.657291666666,7904.436979166667,-0.15538770864009488,71000,58300
flat,0,16,24,12004,9358.657291666666,9000.649479166666,-0.038254185546337416,71000,71000
flat,0,16,48,12006,9358.657291666666,16285.371875,0.7401397836740069,71000,119800
flat,0,17,19,12002,7956.338541666667,6809.142708333334,-0.1441864027436196,58300,49500
flat,0,17,21,12003,7956.338541666667,6981.499479166667,-0.12252357757212706,58300,49500
flat,0,17,25,12004,7956.338541666667,7800.5390625,-0.01958180617262051,58300,58300
flat,0,17,49,12006,7956.338541666667,14119.172395833333,0.7745816523382496,58300,104600
flat,0,18,19,12001,7722.5984375,6809.142708333334,-0.11828346851896843,58300,49500
flat,0,18,22,12003,7722.5984375,6835.11875,-0.11491982843371817,58300,49500
flat,0,18,26,12004,7722.5984375,7596.528125,-0.016324856655477227,58300,58300
flat,0,18,50,12006,7722.5984375,13491.772916666667,0.7470509474055076,58300,104600
flat,0,19,23,12003,6809.142708333334,6228.7828125,-0.08523244712187683,49500,49500
flat,0,19,27,12004,6809.142708333334,6821.535416666667,0.0018200100753016368,49500,49500
flat,0,19,51,12006,6809.142708333334,12084.666666666666,0.7747706553244815,49500,92300
flat,0,20,21,12001,7904.436979166667,6981.499479166667,-0.11676195311981619,58300,49500
flat,0,20,22,12002,7904.436979166667,6835.11875,-0.13528075838734832,58300,49500
flat,0,20,28,12004,7904.436979166667,7681.479166666667,-0.028206665836876033,58300,58300
flat,0,20,52,12006,7904.436979166667,13287.359375,0.6810001028562611,58300,104600
flat,0,21,23,12002,6981.499479166667,6228.7828125,-0.10781590243082184,49500,49500
flat,0,21,29,12004,6981.499479166667,6926.3453125,-0.007900045947328516,49500,49500
flat,0,21,53,12006,6981.499479166667,11949.170833333334,0.7115479087251357,49500,92300
flat,0,22,23,12001,6835.11875,6228.7828125,-0.08870891050722418,49500,49500
flat,0,22,30,12004,6835.11875,6822.302604166666,-0.0018750436242725987,49500,49500
flat,0,22,54,12006,6835.11875,11581.365625,0.6943912825216096,49500,92300
flat,0,23,31,12004,6228.7828125,6277.490625,0.007819796253331068,49500,49500
flat,0,23,55,12006,6228.7828125,10630.203125,0.7066260688472192,49500,80600
flat,0,24,25,12001,9000.649479166666,7800.5390625,-0.13333597974729483,71000,58300
flat,0,24,26,12002,9000.649479166666,7596.528125,-0.15600222599676983,71000,58300
flat,0,24,28,12003,9000.649479166666,7681.479166666667,-0.1465639024776394,71000,58300
flat,0,24,56,12006,9000.649479166666,14594.663541666667,0.6215122670256377,71000,104600
flat,0,25,27,12002,7800.5390625,6821.535416666667,-0.1255046142310544,58300,49500
flat,0,25,29,12003,7800.5390625,6926.3453125,-0.11206837668470437,58300,49500
flat,0,25,57,12006,7800.5390625,12963.272916666667,0.6618432152959515,58300,92300
flat,0,26,27,12001,7596.528125,6821.535416666667,-0.10201932982816853,58300,49500
flat,0,26,30,12003,7596.528125,6822.302604166666,-0.10191833796881167,58300,49500
flat,0,26,58,12006,7596.528125,12527.739583333334,0.6491401568178008,58300,92300
flat,0,27,31,12003,6821.535416666667,6277.490625,-0.0797540082160143,49500,49500
flat,0,27,59,12006,6821.535416666667,11361.5640625,0.6655435130837173,49500,80600
flat,0,28,29,12001,7681.479166666667,6926.3453125,-0.09830578691712488,58300,49500
flat,0,28,30,12002,7681.479166666667,6822.302604166666,-0.11185040587343487,58300,49500
flat,0,28,60,12006,7681.479166666667,12354.940625,0.6084064484108149,58300,92300
flat,0,29,31,12002,6926.3453125,6277.490625,-0.09367922883212432,49500,49500
flat,0,29,61,12006,6926.3453125,11265.866145833334,0.62652389356069,49500,80600
flat,0,30,31,12001,6822.302604166666,6277.490625,-0.07985749251783791,49500,49500
flat,0,30,62,12006,6822.302604166666,10982.380729166667,0.6097762539086535,49500,80600
flat,0,31,63,12006,6277.490625,10162.411979166667,0.6188653374797619,49500,80600
flat,0,32,33,12001,15653.864583333334,13045.120833333332,-0.1666517386880637,119800,92300
flat,0,32,34,12002,15653.864583333334,12366.118229166666,-0.2100277753563251,119800,92300
flat,0,32,36,12003,15653.864583333334,12296.8296875,-0.21445406519023857,119800,92300
flat,0,32,40,12004,15653.864583333334,13932.1453125,-0.10998685095733152,119800,104600
flat,0,32,48,12005,15653.864583333334,16285.371875,0.04034194165311944,119800,119800
flat,0,33,35,12002,13045.120833333332,10732.043229166668,-0.17731362045004684,92300,80600
flat,0,33,37,12003,13045.120833333332,10699.719791666666,-0.17979143862536084,92300,80600
flat,0,33,41,12004,13045.120833333332,11895.863020833332,-0.08809867131037818,92300,92300
flat,0,33,49,12005,13045.120833333332,14119.172395833333,0.0823335848109239,92300,104600
flat,0,34,35,12001,12366.118229166666,10732.043229166668,-0.13214130495258225,92300,80600
flat,0,34,38,12003,12366.118229166666,10249.475,-0.171164725255041,92300,80600
flat,0,34,42,12004,12366.118229166666,11377.713541666666,-0.07992845201566601,92300,80600
flat,0,34,50,12005,12366.118229166666,13491.772916666667,0.09102732697840765,92300,104600
flat,0,35,39,12003,10732.043229166668,9238.0140625,-0.13921199670593176,80600,71000
flat,0,35,43,12004,10732.043229166668,10118.457291666668,-0.057173263692457565,80600,80600
flat,0,35,51,12005,10732.043229166668,12084.666666666666,0.1260359661824646,80600,92300
flat,0,36,37,12001,12296.8296875,10699.719791666666,-0.1298798093834569,92300,80600
flat,0,36,38,12002,12296.8296875,10249.475,-0.1664945144016413,92300,80600
flat,0,36,44,12004,12296.8296875,11298.298958333333,-0.08120228990255074,92300,80600
flat,0,36,52,12005,12296.8296875,13287.359375,0.08055163100346885,92300,104600
flat,0,37,39,12002,10699.719791666666,9238.0140625,-0.1366115896142529,80600,71000
flat,0,37,45,12004,10699.719791666666,10042.983854166667,-0.061378797789778505,80600,71000
flat,0,37,53,12005,10699.719791666666,11949.170833333334,0.11677418343607338,80600,92300
flat,0,38,39,12001,10249.475,9238.0140625,-0.09868417040872823,80600,71000
flat,0,38,46,12004,10249.475,9735.541145833333,-0.05014245648354354,80600,71000
flat,0,38,54,12005,10249.475,11581.365625,0.1299472046129191,80600,92300
flat,0,39,47,12004,9238.0140625,8884.1609375,-0.03830402536800637,71000,71000
flat,0,39,55,12005,9238.0140625,10630.203125,0.15070220212711427,71000,80600
flat,0,40,41,12001,13932.1453125,11895.863020833332,-0.14615712411782733,104600,92300
flat,0,40,42,12002,13932.1453125,11377.713541666666,-0.18334805685248512,104600,80600
flat,0,40,44,12003,13932.1453125,11298.298958333333,-0.18904815411331988,104600,80600
flat,0,40,56,12005,13932.1453125,14594.663541666667,0.04755320981128808,104600,104600
flat,0,41,43,12002,11895.863020833332,10118.457291666668,-0.14941376897614556,92300,80600
flat,0,41,45,12003,11895.863020833332,10042.983854166667,-0.15575828028800442,92300,71000
flat,0,41,57,12005,11895.863020833332,12963.272916666667,0.08972950461550955,92300,92300
flat,0,42,43,12001,11377.713541666666,10118.457291666668,-0.11067744370505006,80600,80600
flat,0,42,46,12003,11377.713541666666,9735.541145833333,-0.1443323730923164,80600,71000
flat,0,42,58,12005,11377.713541666666,12527.739583333334,0.1010770782244712,80600,92300
flat,0,43,47,12003,10118.457291666668,8884.1609375,-0.1219846384273624,80600,71000
flat,0,43,59,12005,10118.457291666668,11361.5640625,0.12285536569464273,80600,80600
flat,0,44,45,12001,11298.298958333333,10042.983854166667,-0.11110655761509813,80600,71000
flat,0,44,46,12002,11298.298958333333,9735.541145833333,-0.1383179731978459,80600,71000
flat,0,44,60,12005,11298.298958333333,12354.940625,0.09352219042560517,80600,92300
flat,0,45,47,12002,10042.983854166667,8884.1609375,-0.11538631680522815,71000,71000
flat,0,45,61,12005,10042.983854166667,11265.866145833334,0.12176483696718421,71000,80600
flat,0,46,47,12001,9735.541145833333,8884.1609375,-0.08745073289507999,71000,71000
flat,0,46,62,12005,9735.541145833333,10982.380729166667,0.12807090686139855,71000,80600
flat,0,47,63,12005,8884.1609375,10162.411979166667,0.14387977105087946,71000,80600
flat,0,48,49,12001,16285.371875,14119.172395833333,-0.13301504539125963,119800,104600
flat,0,48,50,12002,16285.371875,13491.772916666667,-0.17154038481748413,119800,104600
flat,0,48,52,12003,16285.371875,13287.359375,-0.1840923574242913,119800,104600
flat,0,48,56,12004,16285.371875,14594.663541666667,-0.10381760676455742,119800,104600
flat,0,49,51,12002,14119.172395833333,12084.666666666666,-0.1440952537534752,104600,92300
flat,0,49,53,12003,14119.172395833333,11949.170833333334,-0.1536918384210949,104600,92300
flat,0,49,57,12004,14119.172395833333,12963.272916666667,-0.08186736777205017,104600,92300
flat,0,50,51,12001,13491.772916666667,12084.666666666666,-0.10429365055957718,104600,92300
flat,0,50,54,12003,13491.772916666667,11581.365625,-0.1415979429439329,104600,92300
flat,0,50,58,12004,13491.772916666667,12527.739583333334,-0.07145342122846154,104600,92300
flat,0,51,55,12003,12084.666666666666,10630.203125,-0.12035611587686867,92300,80600
flat,0,51,59,12004,12084.666666666666,11361.5640625,-0.05983637150383403,92300,80600
flat,0,52,53,12001,13287.359375,11949.170833333334,-0.10071139824700248,104600,92300
flat,0,52,54,12002,13287.359375,11581.365625,-0.12839223369014952,104600,92300
flat,0,52,60,12004,13287.359375,12354.940625,-0.07017336730986101,104600,92300
flat,0,53,55,12002,11949.170833333334,10630.203125,-0.11038152577532401,92300,80600
flat,0,53,61,12004,11949.170833333334,11265.866145833334,-0.057184276384588784,92300,80600
flat,0,54,55,12001,11581.365625,10630.203125,-0.08212869974045056,92300,80600
flat,0,54,62,12004,11581.365625,10982.380729166667,-0.051719712098574955,92300,80600
flat,0,55,63,12004,10630.203125,10162.411979166667,-0.044005852036184234,80600,80600
flat,0,56,57,12001,14594.663541666667,12963.272916666667,-0.11177994068465524,104600,92300
flat,0,56,58,12002,14594.663541666667,12527.739583333334,-0.14162189847216555,104600,92300
flat,0,56,60,12003,14594.663541666667,12354.940625,-0.15346177116535964,104600,92300
flat,0,57,59,12002,12963.272916666667,11361.5640625,-0.12355744297471172,92300,80600
flat,0,57,61,12003,12963.272916666667,11265.866145833334,-0.13093967717450472,92300,80600
flat,0,58,59,12001,12527.739583333334,11361.5640625,-0.0930874650671053,92300,80600
flat,0,58,62,12003,12527.739583333334,10982.380729166667,-0.12335496311102945,92300,80600
flat,0,59,63,12003,11361.5640625,10162.411979166667,-0.10554463071605225,80600,80600
flat,0,60,61,12001,12354.940625,11265.866145833334,-0.08814890433086686,92300,80600
flat,0,60,62,12002,12354.940625,10982.380729166667,-0.11109400987779594,92300,80600
flat,0,61,63,12002,11265.866145833334,10162.411979166667,-0.09794667825649406,80600,80600
flat,0,62,63,12001,10982.380729166667,10162.411979166667,-0.07466220396296697,80600,80600
flat,1,0,1,12001,810.6104166666667,1071.6322916666666,0.32200656398341776,6100,8000
flat,1,0,2,12002,810.6104166666667,1706.5703125,1.1052903804488903,6100,13100
flat,1,0,4,12003,810.6104166666667,2335.4239583333333,1.8810682793059756,6100,18200
flat,1,0,8,12004,810.6104166666667,2721.3244791666666,2.3571299149560643,6100,20900
flat,1,0,16,12005,810.6104166666667,7732.913541666667,8.539617777754932,6100,55900
flat,1,0,32,12006,810.6104166666667,12814.3765625,14.808304826866584,6100,97700
flat,1,1,3,12002,1071.6322916666666,1773.9296875,0.6553529613605416,8000,13100
flat,1,1,5,12003,1071.6322916666666,2329.6369791666666,1.173914501534361,8000,18200
flat,1,1,9,12004,1071.6322916666666,2746.7010416666667,1.5631002938469063,8000,20900
flat,1,1,17,12005,1071.6322916666666,7188.683854166667,5.708162781271173,8000,55900
flat,1,1,33,12006,1071.6322916666666,11696.055208333333,9.914242972412607,8000,85000
flat,1,2,3,12001,1706.5703125,1773.9296875,0.03947061220192172,13100,13100
flat,1,2,6,12003,1706.5703125,2684.1015625,0.5728045559212784,13100,20900
flat,1,2,10,12004,1706.5703125,3125.5682291666667,0.8314910357182641,13100,24800
flat,1,2,18,12005,1706.5703125,7180.3140625,3.20745281334548,13100,55900
flat,1,2,34,12006,1706.5703125,11440.551041666668,5.703826357384069,13100,85000
flat,1,3,7,12003,1773.9296875,2534.9546875,0.42900516596715454,13100,18200
flat,1,3,11,12004,1773.9296875,2899.746875,0.6346458912284254,13100,20900
flat,1,3,19,12005,1773.9296875,6450.933854166667,2.636521728918112,13100,47800
flat,1,3,35,12006,1773.9296875,10079.920833333334,4.682254998245715,13100,75000
flat,1,4,5,12001,2335.4239583333333,2329.6369791666666,-0.0024779137620890568,18200,18200
flat,1,4,6,12002,2335.4239583333333,2684.1015625,0.14929948925226366,18200,20900
flat,1,4,12,12004,2335.4239583333333,3593.503125,0.5386941253974675,18200,27000
flat,1,4,20,12005,2335.4239583333333,7431.471875,2.1820654440418785,18200,55900
flat,1,4,36,12006,2335.4239583333333,11435.694270833334,3.896624542207049,18200,85000
flat,1,5,7,12002,2329.6369791666666,2534.9546875,0.0881329194932241,18200,18200
flat,1,5,13,12004,2329.6369791666666,3302.929166666667,0.4177870613335457,18200,24800
flat,1,5,21,12005,2329.6369791666666,6665.5296875,1.8611881366530865,18200,47800
flat,1,5,37,12006,2329.6369791666666,10099.030729166667,3.3350233617854004,18200,75000
flat,1,6,7,12001,2684.1015625,2534.9546875,-0.055566777756756336,20900,18200
flat,1,6,14,12004,2684.1015625,3495.1130208333334,0.3021537894333435,20900,24800
flat,1,6,22,12005,2684.1015625,6615.032291666666,1.464523840709424,20900,47800
flat,1,6,38,12006,2684.1015625,9826.058854166668,2.6608372020820905,20900,75000
flat,1,7,15,12004,2534.9546875,3251.3578125,0.2826098346185921,18200,24800
flat,1,7,23,12005,2534.9546875,6039.273958333333,1.3823991758564058,18200,47800
flat,1,7,39,12006,2534.9546875,8880.266666666666,2.5031263913535597,18200,64300
flat,1,8,9,12001,2721.3244791666666,2746.7010416666667,0.009325077804676507,20900,20900
flat,1,8,10,12002,2721.3244791666666,3125.5682291666667,0.14854669227970518,20900,24800
flat,1,8,12,12003,2721.3244791666666,3593.503125,0.32049785040717205,20900,27000
flat,1,8,24,12005,2721.3244791666666,8254.636458333332,2.0333157701433295,20900,64300
flat,1,8,40,12006,2721.3244791666666,12581.121875,3.62316124788347,20900,97700
flat,1,9,11,12002,2746.7010416666667,2899.746875,0.0557198730446713,20900,20900
flat,1,9,13,12003,2746.7010416666667,3302.929166666667,0.20250770526612794,20900,24800
flat,1,9,25,12005,2746.7010416666667,7348.058333333333,1.6752304753467513,20900,55900
flat,1,9,41,12006,2746.7010416666667,11085.897395833334,3.036077180466112,20900,85000
flat,1,10,11,12001,3125.5682291666667,2899.746875,-0.07224969593029007,24800,20900
flat,1,10,14,12003,3125.5682291666667,3495.1130208333334,0.11823283466289713,24800,24800
flat,1,10,26,12005,3125.5682291666667,7261.946875,1.323400528337264,24800,55900
flat,1,10,42,12006,3125.5682291666667,10769.0078125,2.4454560012504394,24800,85000
flat,1,11,15,12003,2899.746875,3251.3578125,0.12125573460614558,20900,24800
flat,1,11,27,12005,2899.746875,6560.163020833334,1.262322645259626,20900,47800
flat,1,11,43,12006,2899.746875,9669.067708333334,2.3344523246820756,20900,75000
flat,1,12,13,12001,3593.503125,3302.929166666667,-0.08086091711227705,27000,24800
flat,1,12,14,12002,3593.503125,3495.1130208333334,-0.027379996828767683,27000,24800
flat,1,12,28,12005,3593.503125,7421.9703125,1.0653857960677295,27000,55900
flat,1,12,44,12006,3593.503125,10750.028125,1.9915176781709354,27000,85000
flat,1,13,15,12002,3302.929166666667,3251.3578125,-0.015613823840707086,24800,24800
flat,1,13,29,12005,3302.929166666667,6707.040625,1.0306341088654891,24800,47800
flat,1,13,45,12006,3302.929166666667,9663.259895833333,1.9256636785782315,24800,75000
flat,1,14,15,12001,3495.1130208333334,3251.3578125,-0.06974172419615066,24800,24800
flat,1,14,30,12005,3495.1130208333334,6654.111458333334,0.9038329858491403,24800,47800
flat,1,14,46,12006,3495.1130208333334,9439.4203125,1.7007482322415362,24800,75000
flat,1,15,31,12005,3251.3578125,6128.883333333333,0.8850227156699115,24800,47800
flat,1,15,47,12006,3251.3578125,8638.2734375,1.656820299595986,24800,64300
flat,1,16,17,12001,7732.913541666667,7188.683854166667,-0.07037834893246497,55900,55900
flat,1,16,18,12002,7732.913541666667,7180.3140625,-0.07146070833317064,55900,55900
flat,1,16,20,12003,7732.913541666667,7431.471875,-0.03898164191833153,55900,55900
flat,1,16,24,12004,7732.913541666667,8254.636458333332,0.06746783264231593,55900,64300
flat,1,16,48,12006,7732.913541666667,15039.491666666667,0.9448674274748481,55900,112800
flat,1,17,19,12002,7188.683854166667,6450.933854166667,-0.10262657462289004,55900,47800
flat,1,17,21,12003,7188.683854166667,6665.5296875,-0.07277467993858688,55900,47800
flat,1,17,25,12004,7188.683854166667,7348.058333333333,0.022170188924679257,55900,55900
flat,1,17,49,12006,7188.683854166667,13120.236979166666,0.8251236589799376,55900,97700
flat,1,18,19,12001,7180.3140625,6450.933854166667,-0.10158054396848792,55900,47800
flat,1,18,22,12003,7180.3140625,6615.032291666666,-0.07872660804428888,55900,47800
flat,1,18,26,12004,7180.3140625,7261.946875,0.011368975199335107,55900,55900
flat,1,18,50,12006,7180.3140625,12684.402604166668,0.7665526178600448,55900,97700
flat,1,19,23,12003,6450.933854166667,6039.273958333333,-0.06381400044389574,47800,47800
flat,1,19,27,12004,6450.933854166667,6560.163020833334,0.01693230300231896,47800,47800
flat,1,19,51,12006,6450.933854166667,11429.338541666666,0.7717339535708372,47800,85000
flat,1,20,21,12001,7431.471875,6665.5296875,-0.10306736005779471,55900,47800
flat,1,20,22,12002,7431.471875,6615.032291666666,-0.1098624333195547,55900,47800
flat,1,20,28,12004,7431.471875,7421.9703125,-0.0012785572844545845,55900,55900
flat,1,20,52,12006,7431.471875,12526.540104166666,0.6856068777312927,55900,97700
flat,1,21,23,12002,6665.5296875,6039.273958333333,-0.09395438300141357,47800,47800
flat,1,21,29,12004,6665.5296875,6707.040625,0.006227702740240648,47800,47800
flat,1,21,53,12006,6665.5296875,11323.863020833332,0.6988691899563806,47800,85000
flat,1,22,23,12001,6615.032291666666,6039.273958333333,-0.08703787191766987,47800,47800
flat,1,22,30,12004,6615.032291666666,6654.111458333334,0.005907630521456042,47800,47800
flat,1,22,54,12006,6615.032291666666,11023.6015625,0.6664471277618795,47800,85000
flat,1,23,31,12004,6039.273958333333,6128.883333333333,0.014837772821408857,47800,47800
flat,1,23,55,12006,6039.273958333333,10165.560416666667,0.6832421391713237,47800,75000
flat,1,24,25,12001,8254.636458333332,7348.058333333333,-0.10982653561741995,64300,55900
flat,1,24,26,12002,8254.636458333332,7261.946875,-0.12025842547325982,64300,55900
flat,1,24,28,12003,8254.636458333332,7421.9703125,-0.10087253993999079,64300,55900
flat,1,24,56,12006,8254.636458333332,13759.559375,0.6668885958156598,64300,97700
flat,1,25,27,12002,7348.058333333333,6560.163020833334,-0.10722496702643669,55900,47800
flat,1,25,29,12003,7348.058333333333,6707.040625,-0.08723633907823725,55900,47800
flat,1,25,57,12006,7348.058333333333,12280.959895833334,0.6713204140095967,55900,97700
flat,1,26,27,12001,7261.946875,6560.163020833334,-0.0966385276905053,55900,47800
flat,1,26,30,12003,7261.946875,6654.111458333334,-0.08370144082975906,55900,47800
flat,1,26,58,12006,7261.946875,11922.048958333333,0.641715253987359,55900,85000
flat,1,27,31,12003,6560.163020833334,6128.883333333333,-0.06574222105919791,47800,47800
flat,1,27,59,12006,6560.163020833334,10896.675520833332,0.6610373074919613,47800,85000
flat,1,28,29,12001,7421.9703125,6707.040625,-0.09632613139073376,55900,47800
flat,1,28,30,12002,7421.9703125,6654.111458333334,-0.10345754858025324,55900,47800
flat,1,28,60,12006,7421.9703125,11770.602604166666,0.5859134580938365,55900,85000
flat,1,29,31,12002,6707.040625,6128.883333333333,-0.08620154908733191,47800,47800
flat,1,29,61,12006,6707.040625,10804.713020833333,0.6109508835475905,47800,85000
flat,1,30,31,12001,6654.111458333334,6128.883333333333,-0.07893287154699313,47800,47800
flat,1,30,62,12006,6654.111458333334,10558.241666666667,0.5867244984969349,47800,75000
flat,1,31,63,12006,6128.883333333333,9794.975520833334,0.5981664176182175,47800,75000
flat,1,32,33,12001,12814.3765625,11696.055208333333,-0.08727083590155471,97700,85000
flat,1,32,34,12002,12814.3765625,11440.551041666668,-0.10720970420470521,97700,85000
flat,1,32,36,12003,12814.3765625,11435.694270833334,-0.10758871373432577,97700,85000
flat,1,32,40,12004,12814.3765625,12581.121875,-0.01820257789072588,97700,97700
flat,1,32,48,12005,12814.3765625,15039.491666666667,0.17364208811205417,97700,112800
flat,1,33,35,12002,11696.055208333333,10079.920833333334,-0.13817773139857603,85000,75000
flat,1,33,37,12003,11696.055208333333,10099.030729166667,-0.1365438560882306,85000,75000
flat,1,33,41,12004,11696.055208333333,11085.897395833334,-0.05216782937765785,85000,85000
flat,1,33,49,12005,11696.055208333333,13120.236979166666,0.12176599250477338,85000,97700
flat,1,34,35,12001,11440.551041666668,10079.920833333334,-0.11893047838149551,85000,75000
flat,1,34,38,12003,11440.551041666668,9826.058854166668,-0.14112014199490863,85000,75000
flat,1,34,42,12004,11440.551041666668,10769.0078125,-0.058698503832629756,85000,85000
flat,1,34,50,12005,11440.551041666668,12684.402604166668,0.10872304646602005,85000,97700
flat,1,35,39,12003,10079.920833333334,8880.266666666666,-0.11901424490354384,75000,64300
flat,1,35,43,12004,10079.920833333334,9669.067708333334,-0.04075955871015846,75000,75000
flat,1,35,51,12005,10079.920833333334,11429.338541666666,0.13387185580574568,75000,85000
flat,1,36,37,12001,11435.694270833334,10099.030729166667,-0.11688521134005991,85000,75000
flat,1,36,38,12002,11435.694270833334,9826.058854166668,-0.14075537335516486,85000,75000
flat,1,36,44,12004,11435.694270833334,10750.028125,-0.0599584187539991,85000,85000
flat,1,36,52,12005,11435.694270833334,12526.540104166666,0.0953895589982261,85000,97700
flat,1,37,39,12002,10099.030729166667,8880.266666666666,-0.1206812906292214,75000,64300
flat,1,37,45,12004,10099.030729166667,9663.259895833333,-0.043149768034153935,75000,75000
flat,1,37,53,12005,10099.030729166667,11323.863020833332,0.12128216306236883,75000,85000
flat,1,38,39,12001,9826.058854166668,8880.266666666666,-0.09625346250586975,75000,64300
flat,1,38,46,12004,9826.058854166668,9439.4203125,-0.039348282704689486,75000,75000
flat,1,38,54,12005,9826.058854166668,11023.6015625,0.12187416400681572,75000,85000
flat,1,39,47,12004,8880.266666666666,8638.2734375,-0.027250671432539564,64300,64300
flat,1,39,55,12005,8880.266666666666,10165.560416666667,0.1447359407375155,64300,75000
flat,1,40,41,12001,12581.121875,11085.897395833334,-0.11884667313634678,97700,85000
flat,1,40,42,12002,12581.121875,10769.0078125,-0.14403437789604912,97700,85000
flat,1,40,44,12003,12581.121875,10750.028125,-0.14554296255873445,97700,85000
flat,1,40,56,12005,12581.121875,13759.559375,0.09366712378342656,97700,97700
flat,1,41,43,12002,11085.897395833334,9669.067708333334,-0.1278046906723599,85000,75000
flat,1,41,45,12003,11085.897395833334,9663.259895833333,-0.12832858263100133,85000,75000
flat,1,41,57,12005,11085.897395833334,12280.959895833334,0.10780024903073415,85000,97700
flat,1,42,43,12001,10769.0078125,9669.067708333334,-0.1021394099918772,85000,75000
flat,1,42,46,12003,10769.0078125,9439.4203125,-0.12346425252442439,85000,75000
flat,1,42,58,12005,10769.0078125,11922.048958333333,0.10707032308909215,85000,85000
flat,1,43,47,12003,9669.067708333334,8638.2734375,-0.10660741055158185,75000,64300
flat,1,43,59,12005,9669.067708333334,10896.675520833332,0.12696237626322326,75000,85000
flat,1,44,45,12001,10750.028125,9663.259895833333,-0.10109445450094279,85000,75000
flat,1,44,46,12002,10750.028125,9439.4203125,-0.12191668684587742,85000,75000
flat,1,44,60,12005,10750.028125,11770.602604166666,0.09493691247125602,85000,85000
flat,1,45,47,12002,9663.259895833333,8638.2734375,-0.10607046373401308,75000,64300
flat,1,45,61,12005,9663.259895833333,10804.713020833333,0.11812298720147019,75000,85000
flat,1,46,47,12001,9439.4203125,8638.2734375,-0.08487246551984706,75000,64300
flat,1,46,62,12005,9439.4203125,10558.241666666667,0.11852648967067236,75000,75000
flat,1,47,63,12005,8638.2734375,9794.975520833334,0.1339043145256229,64300,75000
flat,1,48,49,12001,15039.491666666667,13120.236979166666,-0.12761433232173747,112800,97700
flat,1,48,50,12002,15039.491666666667,12684.402604166668,-0.15659366118868157,112800,97700
flat,1,48,52,12003,15039.491666666667,12526.540104166666,-0.16709019282012527,112800,97700
flat,1,48,56,12004,15039.491666666667,13759.559375,-0.08510475753003621,112800,97700
flat,1,49,51,12002,13120.236979166666,11429.338541666666,-0.12887712624283698,97700,85000
flat,1,49,53,12003,13120.236979166666,11323.863020833332,-0.13691627378268822,97700,85000
flat,1,49,57,12004,13120.236979166666,12280.959895833334,-0.06396813446784555,97700,97700
flat,1,50,51,12001,12684.402604166668,11429.338541666666,-0.09894546094647994,97700,85000
flat,1,50,54,12003,12684.402604166668,11023.6015625,-0.1309325392368983,97700,85000
flat,1,50,58,12004,12684.402604166668,11922.048958333333,-0.06010165946505919,97700,85000
flat,1,51,55,12003,11429.338541666666,10165.560416666667,-0.11057316400181727,85000,75000
flat,1,51,59,12004,11429.338541666666,10896.675520833332,-0.046604886091304754,85000,85000
flat,1,52,53,12001,12526.540104166666,11323.863020833332,-0.09601031676203164,97700,85000
flat,1,52,54,12002,12526.540104166666,11023.6015625,-0.119980340075449,97700,85000
flat,1,52,60,12004,12526.540104166666,11770.602604166666,-0.06034687102055858,97700,85000
flat,1,53,55,12002,11323.863020833332,10165.560416666667,-0.10228864496467782,85000,75000
flat,1,53,61,12004,11323.863020833332,10804.713020833333,-0.045845662301361445,85000,85000
flat,1,54,55,12001,11023.6015625,10165.560416666667,-0.07783673429854454,85000,75000
flat,1,54,62,12004,11023.6015625,10558.241666666667,-0.04221486899675242,85000,75000
flat,1,55,63,12004,10165.560416666667,9794.975520833334,-0.03645494007647143,75000,75000
flat,1,56,57,12001,13759.559375,12280.959895833334,-0.10745979859305388,97700,97700
flat,1,56,58,12002,13759.559375,11922.048958333333,-0.1335442775882253,97700,85000
flat,1,56,60,12003,13759.559375,11770.602604166666,-0.14455090578315366,97700,85000
flat,1,57,59,12002,12280.959895833334,10896.675520833332,-0.11271792976619521,97700,85000
flat,1,57,61,12003,12280.959895833334,10804.713020833333,-0.12020614736319268,97700,85000
flat,1,58,59,12001,11922.048958333333,10896.675520833332,-0.0860064776686964,85000,85000
flat,1,58,62,12003,11922.048958333333,10558.241666666667,-0.11439369997834015,85000,75000
flat,1,59,63,12003,10896.675520833332,9794.975520833334,-0.10110423109265398,85000,75000
flat,1,60,61,12001,11770.602604166666,10804.713020833333,-0.08205948461733126,85000,85000
flat,1,60,62,12002,11770.602604166666,10558.241666666667,-0.10299905436199475,85000,75000
flat,1,61,63,12002,10804.713020833333,9794.975520833334,-0.0934534307438849,85000,75000
flat,1,62,63,12001,10558.241666666667,9794.975520833334,-0.07229102817782951,75000,75000
flat,2,0,1,12001,812.1828125,1045.6421875,0.2874468302048687,6100,7800
flat,2,0,2,12002,812.1828125,1538.265625,0.8939893843173394,6100,12200
flat,2,0,4,12003,812.1828125,2055.696354166667,1.5310759136098646,6100,16000
flat,2,0,8,12004,812.1828125,2516.8942708333334,2.0989257985970164,6100,19000
flat,2,0,16,12005,812.1828125,6246.884895833334,6.691476351986129,6100,46600
flat,2,0,32,12006,812.1828125,10231.973958333334,11.598116828941556,6100,75500
flat,2,1,3,12002,1045.6421875,1704.9567708333334,0.6305355610313239,7800,12200
flat,2,1,5,12003,1045.6421875,2198.459895833333,1.1024973189821043,7800,16000
flat,2,1,9,12004,1045.6421875,2559.0213541666667,1.4473203020671606,7800,19000
flat,2,1,17,12005,1045.6421875,6392.1640625,5.113146675712144,7800,46600
flat,2,1,33,12006,1045.6421875,10345.095833333333,8.893533330045878,7800,75500
flat,2,2,3,12001,1538.265625,1704.9567708333334,0.10836304414806985,12200,12200
flat,2,2,6,12003,1538.265625,2566.6213541666666,0.6685163553379583,12200,19000
flat,2,2,10,12004,1538.265625,2939.25625,0.910759885829211,12200,21700
flat,2,2,18,12005,1538.265625,6581.299479166667,3.2783894876196475,12200,46600
flat,2,2,34,12006,1538.265625,10376.347395833332,5.745484802622,12200,75500
flat,2,3,7,12003,1704.9567708333334,2488.8072916666665,0.4597480324678318,12200,19000
flat,2,3,11,12004,1704.9567708333334,2847.5078125,0.6701349038358437,12200,21700
flat,2,3,19,12005,1704.9567708333334,6097.005208333333,2.5760468022619096,12200,46600
flat,2,3,35,12006,1704.9567708333334,9493.717708333334,4.568304059517638,12200,75500
flat,2,4,5,12001,2055.696354166667,2198.459895833333,0.06944777684569048,16000,16000
flat,2,4,6,12002,2055.696354166667,2566.6213541666666,0.2485410838835278,16000,19000
flat,2,4,12,12004,2055.696354166667,3332.8890625,0.6212944366732986,16000,25000
flat,2,4,20,12005,2055.696354166667,6805.2109375,2.3104164064437813,16000,52600
flat,2,4,36,12006,2055.696354166667,10401.4578125,4.0598220848217235,16000,75500
flat,2,5,7,12002,2198.459895833333,2488.8072916666665,0.132068543248671,16000,19000
flat,2,5,13,12004,2198.459895833333,3219.272916666667,0.46433097222653275,16000,25000
flat,2,5,21,12005,2198.459895833333,6319.928125,1.8747070333090665,16000,46600
flat,2,5,37,12006,2198.459895833333,9571.581770833332,3.353766829667454,16000,75500
flat,2,6,7,12001,2566.6213541666666,2488.8072916666665,-0.03031770244320464,19000,19000
flat,2,6,14,12004,2566.6213541666666,3436.6911458333334,0.3389942151981986,19000,25000
flat,2,6,22,12005,2566.6213541666666,6335.7109375,1.4685023863043036,19000,46600
flat,2,6,38,12006,2566.6213541666666,9393.2703125,2.6597803167385465,19000,66700
flat,2,7,15,12004,2488.8072916666665,3218.8640625,0.29333599804123045,19000,25000
flat,2,7,23,12005,2488.8072916666665,5855.2921875,1.3526498845874553,19000,46600
flat,2,7,39,12006,2488.8072916666665,8618.957291666668,2.4630874477609135,19000,66700
flat,2,8,9,12001,2516.8942708333334,2559.0213541666667,0.01673772467183743,19000,19000
flat,2,8,10,12002,2516.8942708333334,2939.25625,0.16781077539138112,19000,21700
flat,2,8,12,12003,2516.8942708333334,3332.8890625,0.32420702018463965,19000,25000
flat,2,8,24,12005,2516.8942708333334,7213.1578125,1.8658962341361094,19000,52600
flat,2,8,40,12006,2516.8942708333334,10905.605208333332,3.3329611953554696,19000,86000
flat,2,9,11,12002,2559.0213541666667,2847.5078125,0.11273311880090886,19000,21700
flat,2,9,13,12003,2559.0213541666667,3219.272916666667,0.258009399345168,19000,25000
flat,2,9,25,12005,2559.0213541666667,6820.198958333333,1.6651590645105419,19000,52600
flat,2,9,41,12006,2559.0213541666667,10243.722916666668,3.002984539377745,19000,75500
flat,2,10,11,12001,2939.25625,2847.5078125,-0.03121484814398201,21700,21700
flat,2,10,14,12003,2939.25625,3436.6911458333334,0.16923835607505588,21700,25000
flat,2,10,26,12005,2939.25625,6847.015625,1.3295061888530477,21700,52600
flat,2,10,42,12006,2939.25625,10126.303645833334,2.4451925196496,21700,75500
flat,2,11,15,12003,2847.5078125,3218.8640625,0.13041447976712095,21700,25000
flat,2,11,27,12005,2847.5078125,6286.931770833334,1.2078716494595514,21700,46600
flat,2,11,43,12006,2847.5078125,9210.233854166667,2.2344894063979557,21700,66700
flat,2,12,13,12001,3332.8890625,3219.272916666667,-0.03408938722614119,25000,25000
flat,2,12,14,12002,3332.8890625,3436.6911458333334,0.031144776014678355,25000,25000
flat,2,12,28,12005,3332.8890625,7031.660416666667,1.109779319024864,25000,52600
flat,2,12,44,12006,3332.8890625,10170.260416666666,2.0514848307125932,25000,75500
flat,2,13,15,12002,3219.272916666667,3218.8640625,-0.00012700202103099745,25000,25000
flat,2,13,29,12005,3219.272916666667,6464.561979166667,1.008081373187916,25000,46600
flat,2,13,45,12006,3219.272916666667,9275.895833333334,1.8813636101837177,25000,66700
flat,2,14,15,12001,3436.6911458333334,3218.8640625,-0.06338279295112936,25000,25000
flat,2,14,30,12005,3436.6911458333334,6441.1015625,0.8742160087062909,25000,46600
flat,2,14,46,12006,3436.6911458333334,9109.245833333332,1.6505861151874068,25000,66700
flat,2,15,31,12005,3218.8640625,5986.0265625,0.8596705068218458,25000,46600
flat,2,15,47,12006,3218.8640625,8387.394791666668,1.6057002187139329,25000,66700
flat,2,16,17,12001,6246.884895833334,6392.1640625,0.02325625797324471,46600,46600
flat,2,16,18,12002,6246.884895833334,6581.299479166667,0.0535330150802662,46600,46600
flat,2,16,20,12003,6246.884895833334,6805.2109375,0.08937671351029208,46600,52600
flat,2,16,24,12004,6246.884895833334,7213.1578125,0.15468076213652804,46600,52600
flat,2,16,48,12006,6246.884895833334,13346.601041666667,1.1365210443638616,46600,97900
flat,2,17,19,12002,6392.1640625,6097.005208333333,-0.04617510615821541,46600,46600
flat,2,17,21,12003,6392.1640625,6319.928125,-0.011300701420318027,46600,46600
flat,2,17,25,12004,6392.1640625,6820.198958333333,0.06696243895622533,46600,52600
flat,2,17,49,12006,6392.1640625,12039.021875,0.8834031412972672,46600,86000
flat,2,18,19,12001,6581.299479166667,6097.005208333333,-0.07358642048829178,46600,46600
flat,2,18,22,12003,6581.299479166667,6335.7109375,-0.03731611704407101,46600,46600
flat,2,18,26,12004,6581.299479166667,6847.015625,0.04037441947057219,46600,52600
flat,2,18,50,12006,6581.299479166667,11725.2703125,0.7816041269078777,46600,86000
flat,2,19,23,12003,6097.005208333333,5855.2921875,-0.039644548852108885,46600,46600
flat,2,19,27,12004,6097.005208333333,6286.931770833334,0.03115079551521638,46600,46600
flat,2,19,51,12006,6097.005208333333,10632.271354166667,0.7438514468766686,46600,75500
flat,2,20,21,12001,6805.2109375,6319.928125,-0.07131047324717843,52600,46600
flat,2,20,22,12002,6805.2109375,6335.7109375,-0.06899124866399486,52600,46600
flat,2,20,28,12004,6805.2109375,7031.660416666667,0.033275894200254674,52600,52600
flat,2,20,52,12006,6805.2109375,11695.426041666668,0.7185986076080639,52600,86000
flat,2,21,23,12002,6319.928125,5855.2921875,-0.07351918064732743,46600,46600
flat,2,21,29,12004,6319.928125,6464.561979166667,0.022885363774080236,46600,46600
flat,2,21,53,12006,6319.928125,10631.6984375,0.682249897027112,46600,75500
flat,2,22,23,12001,6335.7109375,5855.2921875,-0.07582712575418848,46600,46600
flat,2,22,30,12004,6335.7109375,6441.1015625,0.01663438026760522,46600,46600
flat,2,22,54,12006,6335.7109375,10403.29375,0.6420089004415694,46600,75500
flat,2,23,31,12004,5855.2921875,5986.0265625,0.022327557842304557,46600,46600
flat,2,23,55,12006,5855.2921875,9595.006770833334,0.6386896611781312,46600,75500
flat,2,24,25,12001,7213.1578125,6820.198958333333,-0.05447806139575795,52600,52600
flat,2,24,26,12002,7213.1578125,6847.015625,-0.050760318437161556,52600,52600
flat,2,24,28,12003,7213.1578125,7031.660416666667,-0.02516198876431186,52600,52600
flat,2,24,56,12006,7213.1578125,12755.382291666667,0.7683492616177483,52600,97900
flat,2,25,27,12002,6820.198958333333,6286.931770833334,-0.07818938871987324,52600,46600
flat,2,25,29,12003,6820.198958333333,6464.561979166667,-0.05214466342395008,52600,46600
flat,2,25,57,12006,6820.198958333333,11482.652604166668,0.6836242863760544,52600,86000
flat,2,26,27,12001,6847.015625,6286.931770833334,-0.08179970440284579,52600,46600
flat,2,26,30,12003,6847.015625,6441.1015625,-0.059283355659057624,52600,46600
flat,2,26,58,12006,6847.015625,11154.056770833333,0.629039187541409,52600,86000
flat,2,27,31,12003,6286.931770833334,5986.0265625,-0.04786201271171875,46600,46600
flat,2,27,59,12006,6286.931770833334,10233.465104166668,0.62773598906263,46600,75500
flat,2,28,29,12001,7031.660416666667,6464.561979166667,-0.08064929247092834,52600,46600
flat,2,28,30,12002,7031.660416666667,6441.1015625,-0.08398569031674297,52600,46600
flat,2,28,60,12006,7031.660416666667,11141.616666666667,0.5844929940385701,52600,86000
flat,2,29,31,12002,6464.561979166667,5986.0265625,-0.07402441467942322,46600,46600
flat,2,29,61,12006,6464.561979166667,10230.0359375,0.5824793652637752,46600,75500
flat,2,30,31,12001,6441.1015625,5986.0265625,-0.07065173489103782,46600,46600
flat,2,30,62,12006,6441.1015625,10023.950520833334,0.5562478597127902,46600,75500
flat,2,31,63,12006,5986.0265625,9323.7578125,0.557587109771533,46600,66700
flat,2,32,33,12001,10231.973958333334,10345.095833333333,0.011055723505616122,75500,75500
flat,2,32,34,12002,10231.973958333334,10376.347395833332,0.014110027848772466,75500,75500
flat,2,32,36,12003,10231.973958333334,10401.4578125,0.016564140493011248,75500,75500
flat,2,32,40,12004,10231.973958333334,10905.605208333332,0.06583590348677215,75500,86000
flat,2,32,48,12005,10231.973958333334,13346.601041666667,0.3044013888245536,75500,97900
flat,2,33,35,12002,10345.095833333333,9493.717708333334,-0.08229775139025208,75500,75500
flat,2,33,37,12003,10345.095833333333,9571.581770833332,-0.07477108718583647,75500,75500
flat,2,33,41,12004,10345.095833333333,10243.722916666668,-0.009799127847615274,75500,75500
flat,2,33,49,12005,10345.095833333333,12039.021875,0.1637419381083549,75500,86000
flat,2,34,35,12001,10376.347395833332,9493.717708333334,-0.08506169404605923,75500,75500
flat,2,34,38,12003,10376.347395833332,9393.2703125,-0.09474211356185802,75500,66700
flat,2,34,42,12004,10376.347395833332,10126.303645833334,-0.024097472883416127,75500,75500
flat,2,34,50,12005,10376.347395833332,11725.2703125,0.12999978366263387,75500,86000
flat,2,35,39,12003,9493.717708333334,8618.957291666668,-0.09214097612138017,75500,66700
flat,2,35,43,12004,9493.717708333334,9210.233854166667,-0.029860152036944587,75500,66700
flat,2,35,51,12005,9493.717708333334,10632.271354166667,0.119927059220851,75500,75500
flat,2,36,37,12001,10401.4578125,9571.581770833332,-0.07978458948988487,75500,75500
flat,2,36,38,12002,10401.4578125,9393.2703125,-0.0969275190241512,75500,66700
flat,2,36,44,12004,10401.4578125,10170.260416666666,-0.022227403119925326,75500,75500
flat,2,36,52,12005,10401.4578125,11695.426041666668,0.12440258399275872,75500,86000
flat,2,37,39,12002,9571.581770833332,8618.957291666668,-0.09952633764980379,75500,66700
flat,2,37,45,12004,9571.581770833332,9275.895833333334,-0.03089206617876028,75500,66700
flat,2,37,53,12005,9571.581770833332,10631.6984375,0.11075668495013757,75500,75500
flat,2,38,39,12001,9393.2703125,8618.957291666668,-0.08243274121505095,66700,66700
flat,2,38,46,12004,9393.2703125,9109.245833333332,-0.03023701753676833,66700,66700
flat,2,38,54,12005,9393.2703125,10403.29375,0.10752628252973007,66700,75500
flat,2,39,47,12004,8618.957291666668,8387.394791666668,-0.026866648965053863,66700,66700
flat,2,39,55,12005,8618.957291666668,9595.006770833334,0.1132444965367645,66700,75500
flat,2,40,41,12001,10905.605208333332,10243.722916666668,-0.060691935846063694,86000,75500
flat,2,40,42,12002,10905.605208333332,10126.303645833334,-0.0714588092648456,86000,75500
flat,2,40,44,12003,10905.605208333332,10170.260416666666,-0.0674281507187483,86000,75500
flat,2,40,56,12005,10905.605208333332,12755.382291666667,0.16961709579582607,86000,97900
flat,2,41,43,12002,10243.722916666668,9210.233854166667,-0.10088998608294064,75500,66700
flat,2,41,45,12003,10243.722916666668,9275.895833333334,-0.09448001387841787,75500,66700
flat,2,41,57,12005,10243.722916666668,11482.652604166668,0.1209452557023234,75500,86000
flat,2,42,43,12001,10126.303645833334,9210.233854166667,-0.09046438105217214,75500,66700
flat,2,42,46,12003,10126.303645833334,9109.245833333332,-0.10043722251193699,75500,66700
flat,2,42,58,12005,10126.303645833334,11154.056770833333,0.1014934136823844,75500,86000
flat,2,43,47,12003,9210.233854166667,8387.394791666668,-0.08933964929975702,66700,66700
flat,2,43,59,12005,9210.233854166667,10233.465104166668,0.11109720623837327,66700,75500
flat,2,44,45,12001,10170.260416666666,9275.895833333334,-0.08793920181902903,75500,66700
flat,2,44,46,12002,10170.260416666666,9109.245833333332,-0.10432521291141961,75500,66700
flat,2,44,60,12005,10170.260416666666,11141.616666666667,0.09550947667064413,75500,86000
flat,2,45,47,12002,9275.895833333334,8387.394791666668,-0.0957860089883501,66700,66700
flat,2,45,61,12005,9275.895833333334,10230.0359375,0.10286231338841945,66700,75500
flat,2,46,47,12001,9109.245833333332,8387.394791666668,-0.07924377658413895,66700,66700
flat,2,46,62,12005,9109.245833333332,10023.950520833334,0.10041497443760217,66700,75500
flat,2,47,63,12005,8387.394791666668,9323.7578125,0.11163931638983549,66700,66700
flat,2,48,49,12001,13346.601041666667,12039.021875,-0.0979709487520114,97900,86000
flat,2,48,50,12002,13346.601041666667,11725.2703125,-0.12147892366790947,97900,86000
flat,2,48,52,12003,13346.601041666667,11695.426041666668,-0.12371501889096759,97900,86000
flat,2,48,56,12004,13346.601041666667,12755.382291666667,-0.04429732694895716,97900,97900
flat,2,49,51,12002,12039.021875,10632.271354166667,-0.11684923704263417,86000,75500
flat,2,49,53,12003,12039.021875,10631.6984375,-0.11689682534944323,86000,75500
flat,2,49,57,12004,12039.021875,11482.652604166668,-0.04621382672197638,86000,86000
flat,2,50,51,12001,11725.2703125,10632.271354166667,-0.09321737829516108,86000,75500
flat,2,50,54,12003,11725.2703125,10403.29375,-0.11274593482852802,86000,75500
flat,2,50,58,12004,11725.2703125,11154.056770833333,-0.04871644972292977,86000,86000
flat,2,51,55,12003,10632.271354166667,9595.006770833334,-0.09755813680647285,75500,75500
flat,2,51,59,12004,10632.271354166667,10233.465104166668,-0.03750903609544465,75500,75500
flat,2,52,53,12001,11695.426041666668,10631.6984375,-0.09095244588585172,86000,75500
flat,2,52,54,12002,11695.426041666668,10403.29375,-0.11048184880681189,86000,75500
flat,2,52,60,12004,11695.426041666668,11141.616666666667,-0.04735264649846649,86000,86000
flat,2,53,55,12002,10631.6984375,9595.006770833334,-0.09750950638423483,75500,75500
flat,2,53,61,12004,10631.6984375,10230.0359375,-0.03777971152598336,75500,75500
flat,2,54,55,12001,10403.29375,9595.006770833334,-0.07769529522000351,75500,75500
flat,2,54,62,12004,10403.29375,10023.950520833334,-0.03646376217788394,75500,75500
flat,2,55,63,12004,9595.006770833334,9323.7578125,-0.028269803743950384,75500,66700
flat,2,56,57,12001,12755.382291666667,11482.652604166668,-0.09977981517116097,97900,86000
flat,2,56,58,12002,12755.382291666667,11154.056770833333,-0.12554116248475833,97900,86000
flat,2,56,60,12003,12755.382291666667,11141.616666666667,-0.12651644522283767,97900,86000
flat,2,57,59,12002,11482.652604166668,10233.465104166668,-0.10878910501452532,86000,75500
flat,2,57,61,12003,11482.652604166668,10230.0359375,-0.10908774390789588,86000,75500
flat,2,58,59,12001,11154.056770833333,10233.465104166668,-0.08253424611159543,86000,75500
flat,2,58,62,12003,11154.056770833333,10023.950520833334,-0.10131795751256223,86000,75500
flat,2,59,63,12003,10233.465104166668,9323.7578125,-0.088895333340832,75500,66700
flat,2,60,61,12001,11141.616666666667,10230.0359375,-0.08181763530726383,86000,75500
flat,2,60,62,12002,11141.616666666667,10023.950520833334,-0.10031453955664715,86000,75500
flat,2,61,63,12002,10230.0359375,9323.7578125,-0.08858992583573222,75500,66700
flat,2,62,63,12001,10023.950520833334,9323.7578125,-0.06985197172293345,75500,66700
