source_path,copy_path,source_guid,copy_guid,source_sha256,copy_sha256,classification,archive_guid,collision_existing_path
Assets/DystopiaPrototype/Art/Bandage.png,Assets/Textures/Products/Dystopia/Bandage.png,639e71b4b11bdb74db301f75ec60b41d,7e9bd439e754f4e4da12609d421d8857,7567D975E0FCA11E34D2E21F75699BEDC21F92F6BA7E4592E4A77BC2C077128E,7567D975E0FCA11E34D2E21F75699BEDC21F92F6BA7E4592E4A77BC2C077128E,png,ff2c923cbd38d8f408f1263c99b8ea2b,Assets/Textures/Customer/Products/Bandage.png
Assets/DystopiaPrototype/Art/Battery.png,Assets/Textures/Products/Dystopia/Battery.png,c0db1038c48d3f546a297315f8366c0f,28616b2c53126ac4b8fcc9db974d02ce,6184E30824D604EA43301AB763CA1C508B9FE3A591860D44904ADB131E3A7DEC,6184E30824D604EA43301AB763CA1C508B9FE3A591860D44904ADB131E3A7DEC,png,a1890a0fe547b394496e7e56a7bc8f98,Assets/Textures/Customer/Products/Battery.png
Assets/DystopiaPrototype/Art/BoothBarricade.png,Assets/Textures/Environment/Dystopia/BoothBarricade.png,c10c73fc054ac19498fffbbacf16b031,d916c01ae8ae96f4c9880b8fbf8f1355,47B6427F7F83BABE7727FA45C7B058496BBACA333CE9287E25C9C3AFC4959F23,47B6427F7F83BABE7727FA45C7B058496BBACA333CE9287E25C9C3AFC4959F23,png,c10c73fc054ac19498fffbbacf16b031,
Assets/DystopiaPrototype/Art/BoothCanopy.png,Assets/Textures/Environment/Dystopia/BoothCanopy.png,6978fa40aee53b643836c083c2dd4d52,6cefb4e539cb2324e9254034f6bd5026,0478F893DE799DAB74877BDC322E6EFE88E4BE04755EA9C5AC956CF0FA6C67ED,0478F893DE799DAB74877BDC322E6EFE88E4BE04755EA9C5AC956CF0FA6C67ED,png,6978fa40aee53b643836c083c2dd4d52,
Assets/DystopiaPrototype/Art/BoothCounter.png,Assets/Textures/Environment/Dystopia/BoothCounter.png,dec0edb6a0a29eb4ba990f92dff08f2b,b9446b7f45e148f4bbb25db739d24199,A8193103015B9E7B9F2ECE58688F31FAEC0E520969753666226DECC7BA591570,A8193103015B9E7B9F2ECE58688F31FAEC0E520969753666226DECC7BA591570,png,dec0edb6a0a29eb4ba990f92dff08f2b,
Assets/DystopiaPrototype/Art/Can.png,Assets/Textures/Products/Dystopia/Can.png,cbddef825295f3e4aa88d54c2da63345,939e1d640a849aa44b7572f0e133adcd,352AAC4F386843199489BF5514D243E4E0AB4CA237053B561C40EC569E4757E5,352AAC4F386843199489BF5514D243E4E0AB4CA237053B561C40EC569E4757E5,png,0bd04b7017c4fa84094c818943317338,Assets/Textures/Customer/Products/Can.png
Assets/DystopiaPrototype/Art/ChimneySmoke0.png,Assets/Textures/Environment/Dystopia/ChimneySmoke0.png,8146c36afd06422a92ae965371323f2e,101295a734a8c44408a1e74abe889c7c,4B56DED125CD7065CD540ED9508035416D4EDF3F741964D0D55B0CA11930DA36,4B56DED125CD7065CD540ED9508035416D4EDF3F741964D0D55B0CA11930DA36,png,8146c36afd06422a92ae965371323f2e,
Assets/DystopiaPrototype/Art/ChimneySmoke1.png,Assets/Textures/Environment/Dystopia/ChimneySmoke1.png,a732901af7a142c68d5ff1e17b15dc79,f818ff01785f7b74cb7a7585f4b4898a,CE81DF521F4BE1EF515CEFAFBB7D537EC1402501CCEF65143B6DEECF8360E271,CE81DF521F4BE1EF515CEFAFBB7D537EC1402501CCEF65143B6DEECF8360E271,png,a732901af7a142c68d5ff1e17b15dc79,
Assets/DystopiaPrototype/Art/ChimneySmoke2.png,Assets/Textures/Environment/Dystopia/ChimneySmoke2.png,9ee90dc6331641169fb2748b57111bac,e086c811812ef89489bd07f51aab0d86,BDBE89665D1EA8057621C5D6444735B20A7802E0D98D790B35A47A8E84D458AE,BDBE89665D1EA8057621C5D6444735B20A7802E0D98D790B35A47A8E84D458AE,png,9ee90dc6331641169fb2748b57111bac,
Assets/DystopiaPrototype/Art/ChimneySmoke3.png,Assets/Textures/Environment/Dystopia/ChimneySmoke3.png,06504071d22a47b386d3a3a7053d2364,a80bb88cf0f33a84b84a5334481ffae6,63EF9FE636886E80FAA12230745461FC8936E97924F93B76DBC578AE356C4539,63EF9FE636886E80FAA12230745461FC8936E97924F93B76DBC578AE356C4539,png,06504071d22a47b386d3a3a7053d2364,
Assets/DystopiaPrototype/Art/Counter.png,Assets/Textures/Environment/Dystopia/Counter.png,b8b405d086908a542a68b296eb646229,fa2bb9f4413a0bb4396d1db99771b470,91E7CDCFC66B2C6FBA32FA40BED699707CAC991876BC7EB0DF25156652DF8A02,91E7CDCFC66B2C6FBA32FA40BED699707CAC991876BC7EB0DF25156652DF8A02,png,b8b405d086908a542a68b296eb646229,
Assets/DystopiaPrototype/Art/CounterClock1.png,Assets/Textures/UI/Dystopia/CounterClock1.png,d1c438adc8214e744befbcca7268d723,61a5c4eb991d2c8449c6878e174557f0,F6B8148AB19E9DDD4D00E78321050C8C1DF0D4BE551E4C9E2AE12678A135B8CD,F6B8148AB19E9DDD4D00E78321050C8C1DF0D4BE551E4C9E2AE12678A135B8CD,png,d1c438adc8214e744befbcca7268d723,
Assets/DystopiaPrototype/Art/CounterClockNormal.png,Assets/Textures/UI/Dystopia/CounterClockNormal.png,b5a11b12b4ba4fd49b86e1c6674c0793,fe96f552ef6e1ea4aa271a2d46a3eded,B141EFC2188F5C3755717E94780D8561D84383B4B8ED157644B66E50E39CB380,B141EFC2188F5C3755717E94780D8561D84383B4B8ED157644B66E50E39CB380,png,b5a11b12b4ba4fd49b86e1c6674c0793,
Assets/DystopiaPrototype/Art/Crackers.png,Assets/Textures/Products/Dystopia/Crackers.png,f2cae02c4ea2d804ab59c2d9ea63173f,9ef624278740078429b0c85a73f06e76,E8C8B0935591FFB00D28F8E37FB1573C81750D10CFDD113E2F4F7F537EE1D66D,E8C8B0935591FFB00D28F8E37FB1573C81750D10CFDD113E2F4F7F537EE1D66D,png,80a3439022bd3054ab1d7a3a9a33cc0f,Assets/Textures/Customer/Products/Crackers.png
Assets/DystopiaPrototype/Art/Crowd.png,Assets/Textures/Environment/Dystopia/Crowd.png,26d6bf1c76ce1984da914d8370314ac8,8aef1b7544d0d0549a0d9c2888b0942b,C4A0CA23EBEDE2175EB94E42C5F71C5D2B6F0E7E2AA9D575F8BFB155476F31FE,C4A0CA23EBEDE2175EB94E42C5F71C5D2B6F0E7E2AA9D575F8BFB155476F31FE,png,26d6bf1c76ce1984da914d8370314ac8,
Assets/DystopiaPrototype/Art/CrowdBack.png,Assets/Textures/Environment/Dystopia/CrowdBack.png,7c746110a1d6bff44bb5e422328cb82c,6df45687646a55e41ae4d4401c404f93,12F66538234C88FEEC419CAF77ACE8606F441724BE8E6D6B30997D8C1E352727,12F66538234C88FEEC419CAF77ACE8606F441724BE8E6D6B30997D8C1E352727,png,7c746110a1d6bff44bb5e422328cb82c,
Assets/DystopiaPrototype/Art/CrowdFront.png,Assets/Textures/Environment/Dystopia/CrowdFront.png,38fc8765ba9bcc14e9475d993dc60520,716a4035a5de0394b94fe14dbad3627a,5CE8BA4C497A5FBA47C1694EA6D989909023D2A8061F829C9232DB930C7CC305,5CE8BA4C497A5FBA47C1694EA6D989909023D2A8061F829C9232DB930C7CC305,png,38fc8765ba9bcc14e9475d993dc60520,
Assets/DystopiaPrototype/Art/CrowdMiddle.png,Assets/Textures/Environment/Dystopia/CrowdMiddle.png,27ea243b3280a6d48a50257d78565fb9,fc33f3a723657574ebf947ef99c7ee4d,13BD13F9345B27F154090A3F978175A68EC2C2870ECA05F99BEC9C54834C0FE2,13BD13F9345B27F154090A3F978175A68EC2C2870ECA05F99BEC9C54834C0FE2,png,27ea243b3280a6d48a50257d78565fb9,
Assets/DystopiaPrototype/Art/DailyInstruction.png,Assets/Textures/UI/Dystopia/DailyInstruction.png,91cbf5fa51af4690bed80b78400fcbdb,d218c71a7e068dd42a2dc600dec82c15,6BE218204E7858DFE0BF113CB6F832D4AC45AA595BC5017C9ECAE7D0DF12DFFC,6BE218204E7858DFE0BF113CB6F832D4AC45AA595BC5017C9ECAE7D0DF12DFFC,png,91cbf5fa51af4690bed80b78400fcbdb,
Assets/DystopiaPrototype/Art/DailyLedger.png,Assets/Textures/UI/Dystopia/DailyLedger.png,8d3c27e5fb984a4e979b295e18ee51b2,f0aa2cbac8d33004388db301406dd5bd,A898A75E5FED43FB696DF17B55CCE54334E8C55D3A68374D96C73EA0F68E09A2,A898A75E5FED43FB696DF17B55CCE54334E8C55D3A68374D96C73EA0F68E09A2,png,8d3c27e5fb984a4e979b295e18ee51b2,
Assets/DystopiaPrototype/Art/DialogueFrame.png,Assets/Textures/UI/Dystopia/DialogueFrame.png,c098d249b6e102c46a26d2be06dbd308,847b27dcb8d1f8a498ac4e503a001879,FF51BF53C90188B9ED46B0255D7A1441040068EEC6E60B00D8B45B512731AE25,FF51BF53C90188B9ED46B0255D7A1441040068EEC6E60B00D8B45B512731AE25,png,c098d249b6e102c46a26d2be06dbd308,
Assets/DystopiaPrototype/Art/FARBACKGROUND.png,Assets/Textures/Environment/Dystopia/FARBACKGROUND.png,8828d23a57ac09d4db48ac618820ad7b,beb00cbac1f5fce43aa15d446d22c36b,8A16A7ABBB9417DFC92F8F5D244D6137CE961910C66637FAED826064B90C04A6,8A16A7ABBB9417DFC92F8F5D244D6137CE961910C66637FAED826064B90C04A6,png,8828d23a57ac09d4db48ac618820ad7b,
Assets/DystopiaPrototype/Art/FogBack.mat,Assets/Materials/Dystopia/FogBack.mat,25184aa25fc6458993180d5b1b7fabeb,ec2a55430a7fccf41b802f053831704c,565A6429F51A04AECA79E6EABCA05A5922691155317453B9C473707CB68FA505,3F28ED97A5E0E75B5BEA481CF435C12031A83C06D47447916E96C28337065AB2,mat,25184aa25fc6458993180d5b1b7fabeb,
Assets/DystopiaPrototype/Art/FogBack.png,Assets/Textures/Environment/Dystopia/FogBack.png,ef4c55532956466b9df1c26a4fd8fc4e,2838c8e521b7d9549897f27ede85c89f,5DFADFAE6FEF684E705193D6E80A0E644860E1545E6E317CA3615247804B94E4,5DFADFAE6FEF684E705193D6E80A0E644860E1545E6E317CA3615247804B94E4,png,ef4c55532956466b9df1c26a4fd8fc4e,
Assets/DystopiaPrototype/Art/FogFront.mat,Assets/Materials/Dystopia/FogFront.mat,df82a218fe354b8ead6163ea40ea1821,a7db823c757c22845abf63b29d3dca6f,023D0C1F1E6FEE4C255A3BEF5C054C9F7BED02656FA4A62CEBC8881EA1B4192F,B5EE15ABDB6FF9B3F8CA02B2E8019972AF4D76674F6A5C649AE5C12506D9B250,mat,df82a218fe354b8ead6163ea40ea1821,
Assets/DystopiaPrototype/Art/FogFront.png,Assets/Textures/Environment/Dystopia/FogFront.png,5f176efe93944680a2c22cc7bbc8ae11,066ffc21ce029804dac515e0c410c548,AACC9374278C6207F94A4D7776CBDF78ED0E5BDD838553837A1499B3FDE6B779,AACC9374278C6207F94A4D7776CBDF78ED0E5BDD838553837A1499B3FDE6B779,png,5f176efe93944680a2c22cc7bbc8ae11,
Assets/DystopiaPrototype/Art/FogMid.mat,Assets/Materials/Dystopia/FogMid.mat,d48fa113cbdd44fe88d4786f7d954897,0f6043d7f3a7a7145b380ed6726fb2ec,FDC170BCBAAF888B4F2E10531530681BA54E974CD1EAE1E040BFF3784CE7E2C0,AE4DDDEA51835A78A476A30156F600B9FED9076B7759AB0BD6F296EBB416E148,mat,d48fa113cbdd44fe88d4786f7d954897,
Assets/DystopiaPrototype/Art/FogMid.png,Assets/Textures/Environment/Dystopia/FogMid.png,224e6b0c3cfb4a32a560db7fbde73e52,3dc168e496a9e77449022e56688b9baa,6AE02EDE098E6E3ED8DFEF482F8EC977F2ECFE5B3D7E324272F05BD29F0F6C16,6AE02EDE098E6E3ED8DFEF482F8EC977F2ECFE5B3D7E324272F05BD29F0F6C16,png,224e6b0c3cfb4a32a560db7fbde73e52,
Assets/DystopiaPrototype/Art/Fuel.png,Assets/Textures/Products/Dystopia/Fuel.png,2905dc05a8c11c54da21962a77406a8f,cee2ba4c3ab93844487671125e5ad4b9,DB77C65BEDEABB475439C940873422AE099705711A6F3BABA250AB10C608BDAE,DB77C65BEDEABB475439C940873422AE099705711A6F3BABA250AB10C608BDAE,png,2905dc05a8c11c54da21962a77406a8f,
Assets/DystopiaPrototype/Art/GuardNeutral.mat,Assets/Materials/Dystopia/GuardNeutral.mat,5e537d872b1f4b928229e214b072484d,fd2f3438ec99b4d4c9799a4f814dce20,8446AB2A315908F3CDBEBC4CDC94C6F67E81A5DA6F60B9F292A90688C9FE4CFE,07F185ABF769E9BBB84FE413332B84A6F168E57B6BD1742989FF7E01DCC8947D,mat,5e537d872b1f4b928229e214b072484d,
Assets/DystopiaPrototype/Art/Inspector.png,Assets/Textures/Customer/Dystopia/Inspector.png,5ec7b88773b5f754b9c36efbac851495,54190ba0ffe6b654f8c65cfde92d2c39,7025DEF049B3E8314C36998BABC404F2360F94E6D654AEB08B607E33F0B8ECAA,7025DEF049B3E8314C36998BABC404F2360F94E6D654AEB08B607E33F0B8ECAA,png,5ec7b88773b5f754b9c36efbac851495,
Assets/DystopiaPrototype/Art/InspectorBody.png,Assets/Textures/Customer/Dystopia/InspectorBody.png,99eee00de85e12943b99e961469168fc,6dcd3eef5f93e7c4f91012517911c0b3,A26A2CA61E4FC83EB0D2121A28B380E2111FC238E2626D2BD91CE67921598B40,A26A2CA61E4FC83EB0D2121A28B380E2111FC238E2626D2BD91CE67921598B40,png,99eee00de85e12943b99e961469168fc,
Assets/DystopiaPrototype/Art/InspectorHead.png,Assets/Textures/Customer/Dystopia/InspectorHead.png,a89154b1697d83943b3151e14c2e0e73,1560b785489f31a4885db2eb27e62fea,EEFFF94621DCE46C4FF081A632272ED1AD19DE31FA532050EEA485BFCFF35339,EEFFF94621DCE46C4FF081A632272ED1AD19DE31FA532050EEA485BFCFF35339,png,a89154b1697d83943b3151e14c2e0e73,
Assets/DystopiaPrototype/Art/InspectorNormal.png,Assets/Textures/Customer/Dystopia/NormalMaps/InspectorNormal.png,a4bd502b30586284aa433acaaafebf68,e15195cc389b6fa44b3f0221590ef5c6,86025B309AE8EE060F5D3A2CC1B8E14D3DB8E05A7AF317483C180A446F823589,86025B309AE8EE060F5D3A2CC1B8E14D3DB8E05A7AF317483C180A446F823589,normal-map,a4bd502b30586284aa433acaaafebf68,
Assets/DystopiaPrototype/Art/InspectorPortrait.shader,Assets/Shaders/Dystopia/InspectorPortrait.shader,947b16e8967e32641b790f93eef147b5,5e94865371f244a449d20f6392dd851c,7B0F2C0D344ECE45CF7433D0B3F761D7A0E22D014797271B19368DB6063879DE,8743CCF92772078FF43769668BE99D7833FC440FC5BCB15F6856586BB779B655,shader,947b16e8967e32641b790f93eef147b5,
Assets/DystopiaPrototype/Art/LeftTowerNeutral.mat,Assets/Materials/Dystopia/LeftTowerNeutral.mat,fe2e76b0754f4f01a56673cb38ceaae2,5d895e62325a210489bc15cf0c294b94,582F6F95717AC5F7E9F0DBAC8F5431D2B23C90BCA2961D9ACDB12345830DE7AC,63E608C829DA820DE91D43222DBDD8A598A4CFA18D74B5161F78CE5ED1715C77,mat,fe2e76b0754f4f01a56673cb38ceaae2,
Assets/DystopiaPrototype/Art/LeftWatchTower.png,Assets/Textures/Environment/Dystopia/LeftWatchTower.png,1ca5f6632c398c14ba179258cead1796,c9474111781504540bcf8721b6def7aa,5CB9176BD306ACF2A86D15285DA09397D38E2EB0C4824AF650FEB26F8DA42DBA,5CB9176BD306ACF2A86D15285DA09397D38E2EB0C4824AF650FEB26F8DA42DBA,png,1ca5f6632c398c14ba179258cead1796,
Assets/DystopiaPrototype/Art/MaleCustomer0.png,Assets/Textures/Customer/Dystopia/MaleCustomer0.png,475588eff93a49a1bb6368d7b6a6f2ae,e1e77c5fa8c8af8448b4398a71584e05,29E3D4321F8C9577FF4F5C95E653A63020806CFDD26442F04388357FDC5174B1,29E3D4321F8C9577FF4F5C95E653A63020806CFDD26442F04388357FDC5174B1,png,475588eff93a49a1bb6368d7b6a6f2ae,
Assets/DystopiaPrototype/Art/Mask.png,Assets/Textures/Products/Dystopia/Mask.png,c7d8d31de3c856a4aa6cafdaba816dd5,63279e3bc792e36499b82d666677233b,349A7C4212F93B3C77F8BE7325AAE4CB83B3B9D2E296D4D32EA92E6C83CA5CA3,349A7C4212F93B3C77F8BE7325AAE4CB83B3B9D2E296D4D32EA92E6C83CA5CA3,png,c7d8d31de3c856a4aa6cafdaba816dd5,
Assets/DystopiaPrototype/Art/MidBackground.png,Assets/Textures/Environment/Dystopia/MidBackground.png,0675361a18134594e9e942f04ff98660,b1a1ad617a9b29e4486647b709b47e27,610D2885FEC1D47C0969188B9E11BDF07994262F9DEC5FF193740EEEBAC35951,610D2885FEC1D47C0969188B9E11BDF07994262F9DEC5FF193740EEEBAC35951,png,0675361a18134594e9e942f04ff98660,
Assets/DystopiaPrototype/Art/Painkiller.png,Assets/Textures/Products/Dystopia/Painkiller.png,18fe7bbf62f76334fbfc15204e9c3f2c,c3740279e17b09c4d9a77ec3202b55cb,8B975A6F82A9487E0E5689A338CE8623CFC7C938A41EDB0469498E61405EDDBC,8B975A6F82A9487E0E5689A338CE8623CFC7C938A41EDB0469498E61405EDDBC,png,76950be1f78988945ac0d3b21da802bb,Assets/Textures/Customer/Products/Painkiller.png
Assets/DystopiaPrototype/Art/Rice.png,Assets/Textures/Products/Dystopia/Rice.png,a6836116f5e94f448a0af82c6e258f8b,2b85fde5e17debb408a80799d1d27b98,E028654275EFBFB8D677458CE9CE39EF734E1BAE2FE769E298280EDE13DA429B,E028654275EFBFB8D677458CE9CE39EF734E1BAE2FE769E298280EDE13DA429B,png,a6836116f5e94f448a0af82c6e258f8b,
Assets/DystopiaPrototype/Art/RightTowerNeutral.mat,Assets/Materials/Dystopia/RightTowerNeutral.mat,19e943c669fd498b883e67c0e88be232,6191d4a3c6c698b44b3e272cfda8491f,A4666A4E59DB8A1C7058134A4F4BE33883E7AAC087C3751105FADF62CDACAAE2,AA33D7749878BFB7AE86541949C05DEA3EAF6D7CBE2882D53C4C601BD4B46ADD,mat,19e943c669fd498b883e67c0e88be232,
Assets/DystopiaPrototype/Art/RightWatchTower.png,Assets/Textures/Environment/Dystopia/RightWatchTower.png,e00f255da7894164497dfd5df66938dd,f2e6b449adc04cc49b7d898fe39bfca5,ED2B4A2E0603D04C04729F5FA246E06FD890646FD5B8B07D4B09C36206FF6723,ED2B4A2E0603D04C04729F5FA246E06FD890646FD5B8B07D4B09C36206FF6723,png,e00f255da7894164497dfd5df66938dd,
Assets/DystopiaPrototype/Art/Seoul.png,Assets/Textures/Environment/Dystopia/Seoul.png,2d245b103625d8f41a647418200e586e,82339db7f27f67e4490c104c100050bb,E6EB3AE809172D759379B43AD22687B595FF3BF4BE797955AAF030C8AB1E5F5A,E6EB3AE809172D759379B43AD22687B595FF3BF4BE797955AAF030C8AB1E5F5A,png,2d245b103625d8f41a647418200e586e,
Assets/DystopiaPrototype/Art/Soap.png,Assets/Textures/Products/Dystopia/Soap.png,c10a44c1dcd91e54aa54a302156acdae,d9aa88c8f00801249ae0dca9d4ac93aa,B9B2F0982C05A04975B9C94798B864BC09A0D7AC2BB97DA29D2C2C04104D9C7B,B9B2F0982C05A04975B9C94798B864BC09A0D7AC2BB97DA29D2C2C04104D9C7B,png,c10a44c1dcd91e54aa54a302156acdae,
Assets/DystopiaPrototype/Art/WatchGuard.png,Assets/Textures/Environment/Dystopia/WatchGuard.png,72f801b7e9d8ad44c8b4fe24b01f89f4,0dc319f73ea97674fa06722297226c1b,62297DD4879B3C6E0832C1C530EE15EAA4B11DCE3EB07F2F230D874FCF0FF9DF,62297DD4879B3C6E0832C1C530EE15EAA4B11DCE3EB07F2F230D874FCF0FF9DF,png,72f801b7e9d8ad44c8b4fe24b01f89f4,
Assets/DystopiaPrototype/Art/WatchNeutral.shader,Assets/Shaders/Dystopia/WatchNeutral.shader,03b26e74212f4726ba6484795982af38,d37caed9314126c4db9818aac9bb06b6,B312BA308D19628F514F595BA493346AFC9B55D88097938A69379B9606A1F11A,E30056AA612DB9191472EA9BEF12C59BE4EAD1D6D0AF3B9E153638BD9E0EE1C1,shader,03b26e74212f4726ba6484795982af38,
Assets/DystopiaPrototype/Art/Water.png,Assets/Textures/Products/Dystopia/Water.png,598d0e32c9c56b6428b58c3fadcff4ab,7f6af6f962bb8da43826a101b413dc76,8814D7B5B6E0C9CEFC4D5B2363C406DB3BB0D2667761CA4502D43B204EF29E57,8814D7B5B6E0C9CEFC4D5B2363C406DB3BB0D2667761CA4502D43B204EF29E57,png,2ed767a5d47f8114088e0e9fae6c333f,Assets/Textures/Customer/Products/Water.png
Assets/DystopiaPrototype/Art/시계.png,Assets/Textures/UI/Dystopia/시계.png,ed2a86b7e120e1140912cd484db7cd6f,e0fe256b222410646ba0eae5306f07db,2C864CF6FD635D1752761E29121D696A8C8DC5A83566923E4CB323610134EAD1,2C864CF6FD635D1752761E29121D696A8C8DC5A83566923E4CB323610134EAD1,png,ed2a86b7e120e1140912cd484db7cd6f,
Assets/DystopiaPrototype/Prefabs/CheckoutUI.prefab,Assets/Prefabs/Dystopia/Templates/CheckoutUI.prefab,a110fce3f8e0a46438e2a83f4712286b,caea8cb7a2d238f42b62b82c7954dba0,082D0EAD54E291B7D78261C58A966D900A9AFDB5A6D9D766DA5F62ABAD6B9361,0FE8904DD57C40D40153F062BBD742AAED55562516B2DE25A93B83A27F9E1FA6,prototype-template,a110fce3f8e0a46438e2a83f4712286b,
Assets/DystopiaPrototype/Prefabs/FrontView.prefab,Assets/Prefabs/Dystopia/Templates/FrontView.prefab,f7d7176ddb30caf46b5519836f319e93,73f2d9358d07d784397aeff8f2820031,CB52806E8D831D831FD50F42BB0EB2E93E0F36AFB59E883B7E41947B52C97EDC,C22815A425355BAA10C6FCACFFEF6E9D0E42F8FE32DF66C4FC4EAD1E467D39FD,prototype-template,f7d7176ddb30caf46b5519836f319e93,
Assets/DystopiaPrototype/Prefabs/InspectorPortrait.prefab,Assets/Prefabs/Dystopia/Templates/InspectorPortrait.prefab,39ab40cfac55c8641babdc719bf3c098,e3cca64e091142f47ac78ea3b2251263,E8CD992149E74114B03DE71A61498D18D2855483408D8D8104F9A0D9D9695B74,6085D6005C7F7ABCBB852ECDE55962D0734056E77AA002826182B29FA4DD8DAB,prototype-template,39ab40cfac55c8641babdc719bf3c098,
Assets/DystopiaPrototype/Prefabs/Product0.prefab,Assets/Prefabs/Dystopia/Templates/Product0.prefab,7753d36c90db0d04895737774c07d1cb,2bbcb8f3acbda1341b0ccf09580816f4,7A9C3EBDE74644E2F1D6C224727D2FB10A8F63CA26E05450914E2F15C67C845D,13DF03C932767974D1D80CB116BAD0885E1988DD01323BC77FD85FB8A568CC13,prototype-template,7753d36c90db0d04895737774c07d1cb,
Assets/DystopiaPrototype/Prefabs/Product1.prefab,Assets/Prefabs/Dystopia/Templates/Product1.prefab,239e805fd9c54e749b72231425dbf356,f7d0d2706ee373646a220ce2c3c00ff6,3CB8BD8CA548A75638B461D6DFEC8919A8F1679286BCB6D284ADFC0041CB22EC,365D1065C8E3BCF41D4DCCB06AC8EF99520822EC125B643D7DCC97A13473C022,prototype-template,239e805fd9c54e749b72231425dbf356,
Assets/DystopiaPrototype/Prefabs/Product2.prefab,Assets/Prefabs/Dystopia/Templates/Product2.prefab,a89a7bee462d3854aa3b0c5579804c86,a769897b9f5800e44a8afb92388f4a2b,A7A452BA5D32FF5700629149BA3CB9886793E4B513EFC8BDD24DE4C381F06C3D,08D1C8EA1AA16B5C80148276D53517B1B4632F7AA8A3EB385AEB4BAA4377B29C,prototype-template,a89a7bee462d3854aa3b0c5579804c86,
Assets/DystopiaPrototype/Prefabs/Product3.prefab,Assets/Prefabs/Dystopia/Templates/Product3.prefab,47031f42f65fd2f498f1b82dcb9a34f9,89a506030a925e545bbde11ad1c2bce4,D943139672512FFC694C70FD974B7056AB67D0F27B863E6C0CF0C36A12805F78,5A5AADA8DB8F055B306D7853B4D62522A0241AAC442D1522E24D9C035566A0D9,prototype-template,47031f42f65fd2f498f1b82dcb9a34f9,
Assets/DystopiaPrototype/Prefabs/UiSlice0.asset,Assets/Prefabs/Dystopia/UiSlices/UiSlice0.asset,0ed2b4981afc25846bcbadc34a68ac2c,ae7827d0667bdf843b1c0c917fd62946,C49423C04D929279027E4AEE1A5DCC0E91563001A98D3CDB1EDD7D3E0E933D65,D5704B6EB96166A1DB40856685B4A0E4894C3A9478BAE21098A688028FF04F1B,asset,0ed2b4981afc25846bcbadc34a68ac2c,
Assets/DystopiaPrototype/Prefabs/UiSlice1.asset,Assets/Prefabs/Dystopia/UiSlices/UiSlice1.asset,916f18f8d9b59394cb73e302756ba0e6,e296f51af360d5340b080bb45a0eaf98,1364A05C74EF4AE65EAF8C388BEB16B3226280C58BAFCA36496AA809FA8343AA,1B2B2AD3E544D16CAC340AB96C6E15BBFC454BA3E3DD8E85FD944510242E42DF,asset,916f18f8d9b59394cb73e302756ba0e6,
Assets/DystopiaPrototype/Prefabs/UiSlice10.asset,Assets/Prefabs/Dystopia/UiSlices/UiSlice10.asset,42c6195214a91a142be195a5972c2111,222a7c9d9f1fe0e4b879c86d34f8da67,9889DDA27793F65E8F306FF62561C3B44B221EDC815CB44E318EE6552D12A4B5,2C285E908458D0F4D6EF4E8CB58F228752D574AD7BB623C2363B311E89555646,asset,42c6195214a91a142be195a5972c2111,
Assets/DystopiaPrototype/Prefabs/UiSlice11.asset,Assets/Prefabs/Dystopia/UiSlices/UiSlice11.asset,154bdbc816dd3874287beb5b4399c53f,98e87a0d1e435a4449527c75a8aef560,6175BA24B9351A6CAA0582FE8B976EE4F0BB064EF21FA1D04A7A91D44E5ED9EB,91728A2F83B3B174A0EDA9A729FFBD4202924EBFDC4DC2A1C4ECC72DEE4E8C3A,asset,154bdbc816dd3874287beb5b4399c53f,
Assets/DystopiaPrototype/Prefabs/UiSlice12.asset,Assets/Prefabs/Dystopia/UiSlices/UiSlice12.asset,84659afa4d71b5c42b51645da24c074b,98d18cff17c921d4284ecc641bd1f4b0,C5449520C0C457B9B63C8569B571D62CF8A22427C85D7940588E0817F9BEB4B0,CF01BFF778ED74808B1B55056F2A0C9EE3BF5C206CCBCF5828C0E6E15C50A9A7,asset,84659afa4d71b5c42b51645da24c074b,
Assets/DystopiaPrototype/Prefabs/UiSlice13.asset,Assets/Prefabs/Dystopia/UiSlices/UiSlice13.asset,881bdd401752cad42a56d397818f04cb,6e05559e6055f23418fac4a0a8b797c2,FADDDF3F1656DC39D16B3145759E1A24E140FA67C43130985839BDBB96C65399,0E63D8DCE64804C87660CAAA97700AEE75EB0E2D8FC55E878F297A8B4A14B74D,asset,881bdd401752cad42a56d397818f04cb,
Assets/DystopiaPrototype/Prefabs/UiSlice14.asset,Assets/Prefabs/Dystopia/UiSlices/UiSlice14.asset,61d54e1a7f60c754c82b2df8419644f2,605b7a577f69c7341b1cc2c590321a0c,4431D3185B0ADD326EC4D3779B782879AB1547ECE9709F7A3935AAC6CBFF1713,CEA91ED9797C5B4F52CBAF6564EBDFEC64B77DA83568EA122830DDCC8E7178DE,asset,61d54e1a7f60c754c82b2df8419644f2,
Assets/DystopiaPrototype/Prefabs/UiSlice2.asset,Assets/Prefabs/Dystopia/UiSlices/UiSlice2.asset,e2c95012534aa5f4e9c3210cee093535,6d0a584f58fcc5a41a1f79c9003ad018,E3DD67D65542DAA8ABBD6575C11411E96C11A51046B453F28E7D63E7537B519A,C1E4BD510FAD77D128C5A5D8A0159FCFF9A576EDE85874C89A8959F0F1665C3E,asset,e2c95012534aa5f4e9c3210cee093535,
Assets/DystopiaPrototype/Prefabs/UiSlice3.asset,Assets/Prefabs/Dystopia/UiSlices/UiSlice3.asset,b6bfc08be98dd444d8d72fc28acd9dc8,ac80189f3441fe444a091457c792a81a,F0956C67668E552B2A527D7AD411909789759DBC54C4F2F69908D322EA77668E,AB3644B4F80C651F33CD8C8602485E5F4616DFF811106DACD43834A745A35D32,asset,b6bfc08be98dd444d8d72fc28acd9dc8,
Assets/DystopiaPrototype/Prefabs/UiSlice4.asset,Assets/Prefabs/Dystopia/UiSlices/UiSlice4.asset,24fcd825de76b284f86655eccfe11346,72c661c4855b184468a4e775cef342b3,5D5A7568FD0EEEE226DA0D85E601787F75CABAD4C420516644DB305E0EEC6850,A69E319C9360C16F2B7B94E217A0A54F298D4DED33A1C9913C676325AFF11DCA,asset,24fcd825de76b284f86655eccfe11346,
Assets/DystopiaPrototype/Prefabs/UiSlice5.asset,Assets/Prefabs/Dystopia/UiSlices/UiSlice5.asset,43a3dd4885f760b4babff6462c05c268,dc97cf15a7dfcf442adf76a49f1a6922,1010E5432A5E12E6E4E72BFEDA58856B03F33ECB142F15FB0020F179417DCA19,5C3450C4563BB84A8B7DAB34BFFF99869E4FE81B6FEBC04DE4D9A3DABF665E47,asset,43a3dd4885f760b4babff6462c05c268,
Assets/DystopiaPrototype/Prefabs/UiSlice6.asset,Assets/Prefabs/Dystopia/UiSlices/UiSlice6.asset,6e504cfea5cc38441be29a1c33be081e,00421cdd40caf394097d24d97c7d94b6,0D41BA37B57D478175C6B171918193EBAD8D9449E9DFA9A73F83D3EB76709982,C4DFF43BD5CEFBD651E41873947618132861BFB88CE426C2CBA5BD4A938203A0,asset,6e504cfea5cc38441be29a1c33be081e,
Assets/DystopiaPrototype/Prefabs/UiSlice7.asset,Assets/Prefabs/Dystopia/UiSlices/UiSlice7.asset,e86de46825617fe4e829946374e88aef,c61827717f9a7bb4881a453eab77ca98,3643531D3F665ECA1942CA1E33D5A578C59557B3CC1F403C74924F9A2647CEF5,0026729CDD7BC90332ACFA92088D727C3E597A51FBC570802ECBEBC587148180,asset,e86de46825617fe4e829946374e88aef,
Assets/DystopiaPrototype/Prefabs/UiSlice8.asset,Assets/Prefabs/Dystopia/UiSlices/UiSlice8.asset,27ade1b65b8d42e41a9ef0e97f083369,1acb282b7681ebe459e5e5778c3c626d,DE67A258DD4EBBF3332D5C2AC4B80940D6217D26FF2A7AF7CBD20BAD9EBD7CC1,A98A504751042D7B1435B70CD2C14262A322953BD93996454EBBFBCD558A4B4B,asset,27ade1b65b8d42e41a9ef0e97f083369,
Assets/DystopiaPrototype/Prefabs/UiSlice9.asset,Assets/Prefabs/Dystopia/UiSlices/UiSlice9.asset,3c40b13501557b84aa2243c7edf29b4b,ff5fe3e7c2fb8764790548d2633a6068,E4A5F2FAB43569D279A0CB6A0EA7D4F187D475A4C0CF6E3D983B0187F0A910B9,9A503C326CF9D49A07FB3433DD49D90C8457D6D99D4ECB0CFADB5B25CEA1D999,asset,3c40b13501557b84aa2243c7edf29b4b,
Assets/DystopiaPrototype/Prefabs/Workbench.prefab,Assets/Prefabs/Dystopia/Templates/Workbench.prefab,d07d1bbc9d1adae47ae8a5c1767b0415,619dd1c067103cb42bca78892dde1f87,47F440072424A9CA7E1D48F5B2508A7CA706A692C76A5170454EE9B8BA6164BA,24F9FBC795F9235A917FF138AA00303BF99DDEE03341651FE3FAEFFB53071E6A,prototype-template,d07d1bbc9d1adae47ae8a5c1767b0415,
Assets/DystopiaPrototype/Art/Customers/FemaleCustomer_01.png,Assets/Textures/Customer/Dystopia/FemaleCustomer_01.png,90366358f6bc45a6813f739ae146ca26,9930d448619de9644a5ea559eb930d94,B8AF9DA803340546944DE10B883D5509B10CD2A4CB389D39EC89536A603A8570,B8AF9DA803340546944DE10B883D5509B10CD2A4CB389D39EC89536A603A8570,png,90366358f6bc45a6813f739ae146ca26,
Assets/DystopiaPrototype/Art/Customers/FemaleCustomer_02.png,Assets/Textures/Customer/Dystopia/FemaleCustomer_02.png,df439d2a51564eefb00dc3379c3661fd,f336d01037b164f44a3997f22992a283,45473FD010EF1015B9FE452BE06A24B858D5A0B63C3DD41487FE5F82C8CB8102,45473FD010EF1015B9FE452BE06A24B858D5A0B63C3DD41487FE5F82C8CB8102,png,df439d2a51564eefb00dc3379c3661fd,
Assets/DystopiaPrototype/Art/Customers/FemaleCustomer_03.png,Assets/Textures/Customer/Dystopia/FemaleCustomer_03.png,2e1eb00beed345d5b381d3e32d887fb9,6e1b9e4508417454f86c02eb3dd2bbec,F649AA45492E908D04FF31A74755359B7CBC6756FF303336E9F26AA777DF790B,F649AA45492E908D04FF31A74755359B7CBC6756FF303336E9F26AA777DF790B,png,2e1eb00beed345d5b381d3e32d887fb9,
Assets/DystopiaPrototype/Art/Customers/FemaleCustomer_04.png,Assets/Textures/Customer/Dystopia/FemaleCustomer_04.png,222338f61b814f448937db8caf712c8d,8904d7773a19a5d42ab9d4e4b1ea36ca,EA52B93E488E9CB8E29755D0B659398DD2EA18AF7C5BA91C708D55D8BC82E86B,EA52B93E488E9CB8E29755D0B659398DD2EA18AF7C5BA91C708D55D8BC82E86B,png,222338f61b814f448937db8caf712c8d,
Assets/DystopiaPrototype/Art/Customers/FemaleCustomer_05.png,Assets/Textures/Customer/Dystopia/FemaleCustomer_05.png,4ce370668df34d858a1ba9c3f5e5ab33,4e149cc37bfff9644a44babe05b7b88c,A36C6CED7EBB31A5E79DE5D2EC70CDAA46724BC420BC409A9FFE1922C724BE33,A36C6CED7EBB31A5E79DE5D2EC70CDAA46724BC420BC409A9FFE1922C724BE33,png,4ce370668df34d858a1ba9c3f5e5ab33,
Assets/DystopiaPrototype/Art/Customers/FemaleCustomer_06.png,Assets/Textures/Customer/Dystopia/FemaleCustomer_06.png,9b4693fee3294febb4b612636bced872,b7b8cb9ca5ff26e42a464a4ba0058891,934B55B8D5AC6F2279F65C955CE8687FA118BFE6FE16D5B3EB62BB324B9A2227,934B55B8D5AC6F2279F65C955CE8687FA118BFE6FE16D5B3EB62BB324B9A2227,png,9b4693fee3294febb4b612636bced872,
Assets/DystopiaPrototype/Art/Customers/FemaleCustomer_08.png,Assets/Textures/Customer/Dystopia/FemaleCustomer_08.png,c5735fdfa59442c3894e635b0535710d,25881b47cdcfd934e93239e5b2412d8a,722030EFD5F689EFEB91ED3B1BAA0E2D6C593D70E82446CEE3966CBECA40DB13,722030EFD5F689EFEB91ED3B1BAA0E2D6C593D70E82446CEE3966CBECA40DB13,png,c5735fdfa59442c3894e635b0535710d,
Assets/DystopiaPrototype/Art/Customers/FemaleCustomer_09.png,Assets/Textures/Customer/Dystopia/FemaleCustomer_09.png,d83f51561b00492eb419dfc2b554be0f,2f6c4c168e291a64396a805058fce46c,0A76D7869CD3B02F8ADFA1F5961BBE6177F2A5B9D039EBA17A6571CB9C0DE1E2,0A76D7869CD3B02F8ADFA1F5961BBE6177F2A5B9D039EBA17A6571CB9C0DE1E2,png,d83f51561b00492eb419dfc2b554be0f,
Assets/DystopiaPrototype/Art/Customers/FemaleCustomer_10.png,Assets/Textures/Customer/Dystopia/FemaleCustomer_10.png,647096b5a8b94cb69e6b8372608e2f38,fdc08423a1c800041aaa79d87cc96653,EDE05D1345ADBA1A1FC5346B0AD11BE83D4F871B9027669CD99467ECA749A526,EDE05D1345ADBA1A1FC5346B0AD11BE83D4F871B9027669CD99467ECA749A526,png,647096b5a8b94cb69e6b8372608e2f38,
Assets/DystopiaPrototype/Art/Customers/FemaleCustomer_11.png,Assets/Textures/Customer/Dystopia/FemaleCustomer_11.png,527e8afc2f794311b6c5bba647102995,e8ce579ccb334dd49943b3ef6e5082ce,4F2772D5B9A78E8B7227FF248ED8F5AF9D0A2A7A2152C0B50AAB67E5AFC16932,4F2772D5B9A78E8B7227FF248ED8F5AF9D0A2A7A2152C0B50AAB67E5AFC16932,png,527e8afc2f794311b6c5bba647102995,
Assets/DystopiaPrototype/Art/Customers/FemaleCustomer_12.png,Assets/Textures/Customer/Dystopia/FemaleCustomer_12.png,e724a9fe5d1842e39c974a19d221ae47,eb6a8531aaefba9438ba4b0c5158f349,CF9A398B0869885C2681195F0AE8C2C5B9E5946A575B8570B54398F6ABE12E11,CF9A398B0869885C2681195F0AE8C2C5B9E5946A575B8570B54398F6ABE12E11,png,e724a9fe5d1842e39c974a19d221ae47,
Assets/DystopiaPrototype/Art/Customers/FemaleCustomer_14.png,Assets/Textures/Customer/Dystopia/FemaleCustomer_14.png,f1582d42db204b9ab3ceafec5feb2472,2f0f21ec8365a1545b3c90a7ffed9123,12E985D3052DA652DCBE34BB2482A2761F9A5D5EFE6A0A6FDC9D04E4F1DC515F,12E985D3052DA652DCBE34BB2482A2761F9A5D5EFE6A0A6FDC9D04E4F1DC515F,png,f1582d42db204b9ab3ceafec5feb2472,
Assets/DystopiaPrototype/Art/Customers/FemaleCustomer_15.png,Assets/Textures/Customer/Dystopia/FemaleCustomer_15.png,5b7521a416f54910a18cccb4dfd8f363,7a08912502535434e85a8eab2c2d2ef3,2971C32FC9E12704DFC3D4C48D41172EE3708AA640C685864E0EF921989B2102,2971C32FC9E12704DFC3D4C48D41172EE3708AA640C685864E0EF921989B2102,png,5b7521a416f54910a18cccb4dfd8f363,
Assets/DystopiaPrototype/Art/Customers/FemaleCustomer_16.png,Assets/Textures/Customer/Dystopia/FemaleCustomer_16.png,a39df4d44a744b048d18bd43ec4e9665,329a0285908e5da488c9ba998d5a3aae,68AAC9023DFF8EA6060808549E841B0A5F6C9FEE21CE9AF7524EF5790BF08424,68AAC9023DFF8EA6060808549E841B0A5F6C9FEE21CE9AF7524EF5790BF08424,png,a39df4d44a744b048d18bd43ec4e9665,
Assets/DystopiaPrototype/Art/Customers/FemaleCustomer_17.png,Assets/Textures/Customer/Dystopia/FemaleCustomer_17.png,77d39c5885813fa439da19bf99801e80,4739399e9878f984f976fe1ed0c6156d,A3F8697482E714F2940E81774D80DDD5903DB0144E0B503CFE0104780253391B,A3F8697482E714F2940E81774D80DDD5903DB0144E0B503CFE0104780253391B,png,77d39c5885813fa439da19bf99801e80,
Assets/DystopiaPrototype/Art/Customers/FemaleCustomer_18.png,Assets/Textures/Customer/Dystopia/FemaleCustomer_18.png,968baf30567de104fa8ebe65f28ed793,14ab0b7217ab9c742bd31717ca905bd9,D466D53B8878B244E07C79D39487AB794F2E7218965982D4343B846F2B9CEBBB,D466D53B8878B244E07C79D39487AB794F2E7218965982D4343B846F2B9CEBBB,png,968baf30567de104fa8ebe65f28ed793,
Assets/DystopiaPrototype/Art/Customers/FemaleCustomer_19.png,Assets/Textures/Customer/Dystopia/FemaleCustomer_19.png,dc94dc6651ef29743bfe001a09c77f5e,9a7d774076c12a4438200579ff68dc14,4CF10AF8A2D5D12C4C92E0ABA24140455EC4369B180D5FCAA9B608B5DE9EEA17,4CF10AF8A2D5D12C4C92E0ABA24140455EC4369B180D5FCAA9B608B5DE9EEA17,png,dc94dc6651ef29743bfe001a09c77f5e,
Assets/DystopiaPrototype/Art/Customers/FemaleCustomer_20.png,Assets/Textures/Customer/Dystopia/FemaleCustomer_20.png,6d35e6acfd47ef84da053f30ea02ba75,bee944a4d8d823d43a937e21a8e294dc,85F477C830F0E79884BF5A34CC908D4DC49FA48663AB88AC392DAD495DB44740,85F477C830F0E79884BF5A34CC908D4DC49FA48663AB88AC392DAD495DB44740,png,6d35e6acfd47ef84da053f30ea02ba75,
Assets/DystopiaPrototype/Art/Customers/MaleCustomer_01.png,Assets/Textures/Customer/Dystopia/MaleCustomer_01.png,6e841d9c516348bcb5d8e1586b930ed2,a8bd4b822856da54d9be2f54f3d89539,5DFA9303BDDABD3648824924C0DA534D9BA427B25BE03A15E52908C4A2E8C6D4,5DFA9303BDDABD3648824924C0DA534D9BA427B25BE03A15E52908C4A2E8C6D4,png,6e841d9c516348bcb5d8e1586b930ed2,
Assets/DystopiaPrototype/Art/Customers/MaleCustomer_02.png,Assets/Textures/Customer/Dystopia/MaleCustomer_02.png,2c86bb2bc6b94d9391c7762a0eec959f,e10861ad08b6aad4eb546bf10f237645,2324E9B2501B2C94729485F0382D959937AED64E6349DEAAAE4985AFA0659FD7,2324E9B2501B2C94729485F0382D959937AED64E6349DEAAAE4985AFA0659FD7,png,2c86bb2bc6b94d9391c7762a0eec959f,
Assets/DystopiaPrototype/Art/Customers/MaleCustomer_03.png,Assets/Textures/Customer/Dystopia/MaleCustomer_03.png,ae8354988eb941af81600671205a7835,48ae3115d65fb8a429fa535198d6df06,F9B33483E6A5F8B629728B352110E680AF16351358E716F9867E62FD84431E1F,F9B33483E6A5F8B629728B352110E680AF16351358E716F9867E62FD84431E1F,png,ae8354988eb941af81600671205a7835,
Assets/DystopiaPrototype/Art/Customers/MaleCustomer_04.png,Assets/Textures/Customer/Dystopia/MaleCustomer_04.png,289007e448394ce9b4736854d48eba62,cdf61d5e5c701e749a6f8f719ec18e56,0DD5009CDAE2C057A71ADE01596BA5CC16382A7160F9D6F61C7BC008D325F645,0DD5009CDAE2C057A71ADE01596BA5CC16382A7160F9D6F61C7BC008D325F645,png,289007e448394ce9b4736854d48eba62,
Assets/DystopiaPrototype/Art/Customers/MaleCustomer_05.png,Assets/Textures/Customer/Dystopia/MaleCustomer_05.png,a3fa809f22224b4cb468e537a6a7b736,7a01e23991137bc44ba54fcb6d25c0d5,6AECF6CF06000CB81F526A573950DAAAF1FC4CB49C1BE6E09DAC233C3A5B6593,6AECF6CF06000CB81F526A573950DAAAF1FC4CB49C1BE6E09DAC233C3A5B6593,png,a3fa809f22224b4cb468e537a6a7b736,
Assets/DystopiaPrototype/Art/Customers/MaleCustomer_06.png,Assets/Textures/Customer/Dystopia/MaleCustomer_06.png,b8598a85ea3543b18f0149034de85678,26aa52a5ef6a86f45b77d817c8abbb21,27F22B83A1030B8E6B59130CAD62318BD4188D50CAE55354A40C96F8D033D878,27F22B83A1030B8E6B59130CAD62318BD4188D50CAE55354A40C96F8D033D878,png,b8598a85ea3543b18f0149034de85678,
Assets/DystopiaPrototype/Art/Customers/MaleCustomer_07.png,Assets/Textures/Customer/Dystopia/MaleCustomer_07.png,ae577f9c7f1a47d0b2a465911a195fac,49ffa70261d891046a77d98588d1643d,6F6FDD1C2857FF2E8F9AE947E5099713A405BFF09D9BBDA8C2A4B27DE81749D9,6F6FDD1C2857FF2E8F9AE947E5099713A405BFF09D9BBDA8C2A4B27DE81749D9,png,ae577f9c7f1a47d0b2a465911a195fac,
Assets/DystopiaPrototype/Art/Customers/MaleCustomer_08.png,Assets/Textures/Customer/Dystopia/MaleCustomer_08.png,ce5c79aec70547d6ae3e5f21537f65c7,eb6e0071d1aa8794faea4521e16d070a,6B1061F8411D9CFAEB599AA7D5D52E3B2525113B7FB62C8D435152EC8D14867F,6B1061F8411D9CFAEB599AA7D5D52E3B2525113B7FB62C8D435152EC8D14867F,png,ce5c79aec70547d6ae3e5f21537f65c7,
Assets/DystopiaPrototype/Art/Customers/MaleCustomer_09.png,Assets/Textures/Customer/Dystopia/MaleCustomer_09.png,43aeb543528d415c87133e6a6f0420ef,afd0037dc50c78641a5006db2a372b9c,2CA2F8007E2D8F933F1EAD38E70A34FC018AD31383589621BC1B676D9FF91C32,2CA2F8007E2D8F933F1EAD38E70A34FC018AD31383589621BC1B676D9FF91C32,png,43aeb543528d415c87133e6a6f0420ef,
Assets/DystopiaPrototype/Art/Customers/MaleCustomer_10.png,Assets/Textures/Customer/Dystopia/MaleCustomer_10.png,6e1c58898c5f46b98f90b75fdcc0fee4,abf174aa4fc85314bbdce1bc0d2fbf59,32DB445899F0AA62AB87CEE6E4364BCAABBDDF765E14A340B09E773B54052521,32DB445899F0AA62AB87CEE6E4364BCAABBDDF765E14A340B09E773B54052521,png,6e1c58898c5f46b98f90b75fdcc0fee4,
Assets/DystopiaPrototype/Art/Customers/MaleCustomer_12.png,Assets/Textures/Customer/Dystopia/MaleCustomer_12.png,9c01654b40e2495abd4162a68fa1c4e4,5447c7f0fb9dd6b46ab2c7507290aaea,246251CC627C59727FFAC69321D1AA75CD434CB8969731B4C0CBA0A784DF7549,246251CC627C59727FFAC69321D1AA75CD434CB8969731B4C0CBA0A784DF7549,png,9c01654b40e2495abd4162a68fa1c4e4,
Assets/DystopiaPrototype/Art/Customers/MaleCustomer_13.png,Assets/Textures/Customer/Dystopia/MaleCustomer_13.png,62ad01edf58e444789e9940711a6eee4,f4ba35f96e5a36847b733fab88f92da0,BA5755A235963C642404C242AEAA389C224FD0F417FA4FB3E0BB838531740B97,BA5755A235963C642404C242AEAA389C224FD0F417FA4FB3E0BB838531740B97,png,62ad01edf58e444789e9940711a6eee4,
Assets/DystopiaPrototype/Art/Customers/MaleCustomer_14.png,Assets/Textures/Customer/Dystopia/MaleCustomer_14.png,f64bf6883d3947dbb3cd5a618f04b611,c2057b54573aa5645b83c45321c2da3f,65B00EEE51860C8AB43BC842511374980228245B01750716C1335D5F9287BC70,65B00EEE51860C8AB43BC842511374980228245B01750716C1335D5F9287BC70,png,f64bf6883d3947dbb3cd5a618f04b611,
Assets/DystopiaPrototype/Art/Customers/MaleCustomer_15.png,Assets/Textures/Customer/Dystopia/MaleCustomer_15.png,8dafdd046b2b4a53b5053a650c6a2418,38f7e3e9aea21c94a81f49ea9eee42f0,434C218B7B1A425BFD0C4E0B04D1DE4E56756A0D9FDCF1205B3A9096DCC36B98,434C218B7B1A425BFD0C4E0B04D1DE4E56756A0D9FDCF1205B3A9096DCC36B98,png,8dafdd046b2b4a53b5053a650c6a2418,
Assets/DystopiaPrototype/Art/Customers/MaleCustomer_16.png,Assets/Textures/Customer/Dystopia/MaleCustomer_16.png,33ab328bb0634a508c976b27e247a650,be3edae0c57c8e346a82ddfac04980af,784C8B320B8BBFCB8058932B181100BAA5FC829DB7980825CC1FB2AEB81FB4FE,784C8B320B8BBFCB8058932B181100BAA5FC829DB7980825CC1FB2AEB81FB4FE,png,33ab328bb0634a508c976b27e247a650,
Assets/DystopiaPrototype/Art/Customers/MaleCustomer_17.png,Assets/Textures/Customer/Dystopia/MaleCustomer_17.png,c6b9d5f5f31e464ba5c70e174f36032c,9e2b29570b8865847bcd56f536fb49d8,115DD2DFC04146298ACC740E66E80E3029C10C0850C73D94798BA412AF176A03,115DD2DFC04146298ACC740E66E80E3029C10C0850C73D94798BA412AF176A03,png,c6b9d5f5f31e464ba5c70e174f36032c,
Assets/DystopiaPrototype/Art/Customers/MaleCustomer_18.png,Assets/Textures/Customer/Dystopia/MaleCustomer_18.png,9850d0493f1e41a88751bc3be659ecd3,29ffe5decbafc204bb11eb6b43a67f1a,8C868E442E20337D092387AA496B05E8B9F1CDFF6593116FF4E90894D6261DCE,8C868E442E20337D092387AA496B05E8B9F1CDFF6593116FF4E90894D6261DCE,png,9850d0493f1e41a88751bc3be659ecd3,
Assets/DystopiaPrototype/Art/Customers/MaleCustomer_18_Normal.png,Assets/Textures/Customer/Dystopia/NormalMaps/MaleCustomer_18_Normal.png,e458a6bab559136459f6873dd40adbca,e3f055a586ca6724d9143cebb9c3ae85,652EBF0CC93E492DB5AE12553757DA1E1E168F9C2D4F2BA71E7452C68834D26D,652EBF0CC93E492DB5AE12553757DA1E1E168F9C2D4F2BA71E7452C68834D26D,normal-map,e458a6bab559136459f6873dd40adbca,
Assets/DystopiaPrototype/Art/Customers/MaleCustomer_19.png,Assets/Textures/Customer/Dystopia/MaleCustomer_19.png,34e65cf4c9364747858c7339ba7ab36d,2b5c4a08acc9fe9418891b5d0a638589,D50DF1981D9DF65DC47CF396D398BCD19B817C7C3DA88F39431B13E66CA21576,D50DF1981D9DF65DC47CF396D398BCD19B817C7C3DA88F39431B13E66CA21576,png,34e65cf4c9364747858c7339ba7ab36d,
Assets/DystopiaPrototype/Art/Customers/MaleCustomer_21.png,Assets/Textures/Customer/Dystopia/MaleCustomer_21.png,8a98ffe319224ec5abf47adda8dd6e9f,99f78c415f430054990d3ab3f9894fc2,C7B1B0F971CF133A16D989615E3623D95E8172B0857759AD71C0BD6C14041387,C7B1B0F971CF133A16D989615E3623D95E8172B0857759AD71C0BD6C14041387,png,8a98ffe319224ec5abf47adda8dd6e9f,
Assets/DystopiaPrototype/Art/Customers/MaleCustomer_22.png,Assets/Textures/Customer/Dystopia/MaleCustomer_22.png,2bc3731d37094be6a22363e65f4e2add,be8794acfa1f89c4a86ddc3789683684,954D629FD30EC75D9EC473D81EDC1E1D1C5C05E979FDE9A3DA004123EAFBECE3,954D629FD30EC75D9EC473D81EDC1E1D1C5C05E979FDE9A3DA004123EAFBECE3,png,2bc3731d37094be6a22363e65f4e2add,
Assets/DystopiaPrototype/Art/Customers/MaleCustomer_23.png,Assets/Textures/Customer/Dystopia/MaleCustomer_23.png,15da0f47beb54722ab963ee7a3406128,5950e40d5846fe14db1bd09e65bad894,FD3395CF1D9CB1DE4DBA199D345C8E97D2B1811A6B4F344D889A7EED25A38758,FD3395CF1D9CB1DE4DBA199D345C8E97D2B1811A6B4F344D889A7EED25A38758,png,15da0f47beb54722ab963ee7a3406128,
Assets/DystopiaPrototype/Art/Customers/MaleCustomer_24.png,Assets/Textures/Customer/Dystopia/MaleCustomer_24.png,2907d7c6dbe24ec180ae767c1ad75cf9,17b7e3e757ebb804ea7addc9b6706963,9C60947271F1F8316E9656CD3EB4B3E1269820B98FCAB24CA57E03B53F91CFA8,9C60947271F1F8316E9656CD3EB4B3E1269820B98FCAB24CA57E03B53F91CFA8,png,2907d7c6dbe24ec180ae767c1ad75cf9,
Assets/DystopiaPrototype/Art/Customers/MaleCustomer_25.png,Assets/Textures/Customer/Dystopia/MaleCustomer_25.png,0187854495a55ec44a6a958637d567d3,9fecc3badd4b3834e9d8f09bc460a8ad,D9D9C464EDFB611B4D360559B88D690BA6FFED89BF7B841951C45F79559A93B8,D9D9C464EDFB611B4D360559B88D690BA6FFED89BF7B841951C45F79559A93B8,png,0187854495a55ec44a6a958637d567d3,
Assets/DystopiaPrototype/Art/Customers/MaleCustomer_26.png,Assets/Textures/Customer/Dystopia/MaleCustomer_26.png,5a9f710fa1290dc4fb90548467a70033,b726e68873bc756458effb1b3ba2bc0f,132B7C62300DBD6EDAFC6533E50B59C25006A0786AA3F034F8FA741AC5859097,132B7C62300DBD6EDAFC6533E50B59C25006A0786AA3F034F8FA741AC5859097,png,5a9f710fa1290dc4fb90548467a70033,
Assets/DystopiaPrototype/Art/Customers/MaleCustomer_28.png,Assets/Textures/Customer/Dystopia/MaleCustomer_28.png,570747e831c3bae4bb8595adc8398007,5f5a4bfe69f035b4e84904c4b48d3d8f,0F4C2DDAB7B9503CAB6FD96CDEF157175B92D6514FF9541A022F5D028393742B,0F4C2DDAB7B9503CAB6FD96CDEF157175B92D6514FF9541A022F5D028393742B,png,570747e831c3bae4bb8595adc8398007,
Assets/DystopiaPrototype/Art/Customers/MaleCustomer_29.png,Assets/Textures/Customer/Dystopia/MaleCustomer_29.png,f5694c6624c8daf488667ea27fdb0744,11b7352f9c6ef8f4b8903595b6df0453,A8C7CA89FE613F546E61E120DEBAB8C36BD6181642CE24137A019D58847F9709,A8C7CA89FE613F546E61E120DEBAB8C36BD6181642CE24137A019D58847F9709,png,f5694c6624c8daf488667ea27fdb0744,
Assets/DystopiaPrototype/Art/TimeOfDay/CityLights.mat,Assets/Materials/Dystopia/CityLights.mat,e7d812b0b7597764caabcc59ae790973,8170df3e7f262d04c82832f5dc01de8c,74BC5D2317AAFA766CD30DE605AF505948E4D6034C5DF6ECC7ABEFA75372805C,BEB71824F5248E6F0FA6CE036BABFAE9DB4664EE254545EFA038BB51A4524345,mat,e7d812b0b7597764caabcc59ae790973,
Assets/DystopiaPrototype/Art/TimeOfDay/CityLights.png,Assets/Textures/Environment/Dystopia/TimeOfDay/CityLights.png,d9322dd776712984fbbee219b96cc8ce,bf83a4448d216984aa86bb2759c4260a,61B8A541E207C6E5457822243D2F60C12B1E4A9BD75462386956D258A7B52A90,61B8A541E207C6E5457822243D2F60C12B1E4A9BD75462386956D258A7B52A90,png,d9322dd776712984fbbee219b96cc8ce,
Assets/DystopiaPrototype/Art/TimeOfDay/CityLights.shader,Assets/Shaders/Dystopia/CityLights.shader,52df7d4a0b3c4104c96cd7e96b8422c4,4785421c635fa21469f57ec078fe6b18,AACCEF5CE9134E387A446150EF3004555C20D9C05877387577063D667123A778,1323381F44C77AB9F8971E962619FA7CE1B6721F8BAF54822A3413ED74243068,shader,52df7d4a0b3c4104c96cd7e96b8422c4,
Assets/DystopiaPrototype/Art/TimeOfDay/CounterLight.png,Assets/Textures/Environment/Dystopia/TimeOfDay/CounterLight.png,2579725b5a01a4244a5914b55017c014,1462c53c46cb05f42a469c35cabf9b2c,A9E334A6468815F8B4872DB2AA4B610FDC96318AEE53BE06D27CCCA2516BD6CC,A9E334A6468815F8B4872DB2AA4B610FDC96318AEE53BE06D27CCCA2516BD6CC,png,2579725b5a01a4244a5914b55017c014,
Assets/DystopiaPrototype/Art/TimeOfDay/Dawn.png,Assets/Textures/Environment/Dystopia/TimeOfDay/Dawn.png,7769da782da17f345a6e5a8141c2e56d,b8216f62abea4584bba1dc368f809003,EFAA950BA8AE67631E9877A31385CEFE533CDEEB51A0564DF437F4E34E2638F9,EFAA950BA8AE67631E9877A31385CEFE533CDEEB51A0564DF437F4E34E2638F9,png,7769da782da17f345a6e5a8141c2e56d,
Assets/DystopiaPrototype/Art/TimeOfDay/Evening.png,Assets/Textures/Environment/Dystopia/TimeOfDay/Evening.png,21ee1b35d9ae7b245b8dfeaba460a7b0,2bbf3ae139912e04ea4029df3f445650,576419523D95823D77EAE872D896C09A35E7248F96578D123CF17B36B645B463,576419523D95823D77EAE872D896C09A35E7248F96578D123CF17B36B645B463,png,21ee1b35d9ae7b245b8dfeaba460a7b0,
Assets/DystopiaPrototype/Art/TimeOfDay/PixelStageLighting.shader,Assets/Shaders/Dystopia/PixelStageLighting.shader,4bb3a3480b9d7864ba03db51d2f31812,7354e1219b89b7749a39d467e664b8ff,517E79DF514ABFF0CCA05D41FEF0A295CDEA5DCB9DEC45178ACB4FBCECDE3D9B,7A1238953F115A0AB4350BF24F67DF328EC5F67A1E1B647E71C7BF2EB1B4D5AA,shader,4bb3a3480b9d7864ba03db51d2f31812,
Assets/DystopiaPrototype/Art/TimeOfDay/Searchlight.png,Assets/Textures/Environment/Dystopia/TimeOfDay/Searchlight.png,27268933eeab74b41a932f1049dbab1a,f85fe24aaf7cacb4ba83f06c29b017cd,4F4FAE0858B09E5B8D38186BC06B443A9B807040E4771073654D55379403B5E3,4F4FAE0858B09E5B8D38186BC06B443A9B807040E4771073654D55379403B5E3,png,27268933eeab74b41a932f1049dbab1a,
Assets/DystopiaPrototype/Art/TimeOfDay/Sunset.png,Assets/Textures/Environment/Dystopia/TimeOfDay/Sunset.png,0eb464158f595d044bf13ce9dd951a90,04a9ae531c12e4b47a00f07be2b497c9,8C9A9924B6615FA359BD95920E487BC15FC8B272B9C48F3D48AC1B801E410631,8C9A9924B6615FA359BD95920E487BC15FC8B272B9C48F3D48AC1B801E410631,png,0eb464158f595d044bf13ce9dd951a90,
Assets/DystopiaPrototype/Art/TimeOfDay/SunsetClouded.png,Assets/Textures/Environment/Dystopia/TimeOfDay/SunsetClouded.png,1a0433ce38e502b49a4f95fb6808d588,050939cb1cab3f441b1d5d2637953839,555C6EF42E1982E9596291AEAB1E716F0A30DC77DB0628D131C1816FF60BC3D0,555C6EF42E1982E9596291AEAB1E716F0A30DC77DB0628D131C1816FF60BC3D0,png,1a0433ce38e502b49a4f95fb6808d588,
Assets/DystopiaPrototype/TopDownTest/Art/Calculator.png,Assets/Textures/UI/Dystopia/TopDown/Calculator.png,e4e4da47c41746288e9e526d48ba51cd,9db7aca6ea25a55468c0cf1189125352,59A5A5B72703F129ADB6679F8B0887DDC2A979022B09F450ED757E0CBE0CF84B,59A5A5B72703F129ADB6679F8B0887DDC2A979022B09F450ED757E0CBE0CF84B,png,e4e4da47c41746288e9e526d48ba51cd,
Assets/DystopiaPrototype/TopDownTest/Art/CalculatorToggle.png,Assets/Textures/UI/Dystopia/TopDown/CalculatorToggle.png,8b11ce334813452e934fcdfb82c8c277,51660d222b92af548af5f9891d7bbcba,F38B1F81F00B16FD5931BC4B92D05C18E94A590CBFFA965D4A527E60031967B7,F38B1F81F00B16FD5931BC4B92D05C18E94A590CBFFA965D4A527E60031967B7,png,8b11ce334813452e934fcdfb82c8c277,
Assets/DystopiaPrototype/TopDownTest/Art/CounterClock.png,Assets/Textures/UI/Dystopia/TopDown/CounterClock.png,594304eb42c84524a1909e1dd7546641,071c7289c53bac741a57a3fe7c309fb8,2D34A1D805C6BA5E0C6F9A1A3D595741AD3FA291733EF6255D40C5732F05934C,2D34A1D805C6BA5E0C6F9A1A3D595741AD3FA291733EF6255D40C5732F05934C,png,594304eb42c84524a1909e1dd7546641,
Assets/DystopiaPrototype/TopDownTest/Art/CounterClockUpdated.png,Assets/Textures/UI/Dystopia/TopDown/CounterClockUpdated.png,b1295ce4cbdf566438828d22fd3539e7,936bef855e39d034ebea983758c4e9fc,08ED56D620718EF0B91C11B8A04991474F3F23409A65DDBAE6D49449139C3027,08ED56D620718EF0B91C11B8A04991474F3F23409A65DDBAE6D49449139C3027,png,b1295ce4cbdf566438828d22fd3539e7,
Assets/DystopiaPrototype/TopDownTest/Art/DividerBar.png,Assets/Textures/Environment/Dystopia/TopDown/DividerBar.png,5c4c5257f2ef8b646b0183430ca65218,a365872f627ccc44fa5f605e50c48b63,1C29D0BBDD5D9312CF006978E52ACB14A43CB602B2E926FEE11B01311EB9AF9E,1C29D0BBDD5D9312CF006978E52ACB14A43CB602B2E926FEE11B01311EB9AF9E,png,5c4c5257f2ef8b646b0183430ca65218,
Assets/DystopiaPrototype/TopDownTest/Art/FrontContainerFemale.png,Assets/Textures/Environment/Dystopia/TopDown/FrontContainerFemale.png,c560433c0142a2e4596b7f7cbc13fb5a,1c553c0b737b3164fa9980c926ac7ab9,C75D727E39EF08078C2B6E1340B6E8BFDC1755028F035492F1523DD099400C3B,C75D727E39EF08078C2B6E1340B6E8BFDC1755028F035492F1523DD099400C3B,png,c560433c0142a2e4596b7f7cbc13fb5a,
Assets/DystopiaPrototype/TopDownTest/Art/FrontContainerMale.png,Assets/Textures/Environment/Dystopia/TopDown/FrontContainerMale.png,47c07e51f9acabe45b7dfb3fa9362df5,bc61c3823f66d294b845300ac80a0ba5,A62F31378BBBEDD6ABE60F1CF380E1E977BFAA07CD1C8279191D90D8018FFD60,A62F31378BBBEDD6ABE60F1CF380E1E977BFAA07CD1C8279191D90D8018FFD60,png,47c07e51f9acabe45b7dfb3fa9362df5,
Assets/DystopiaPrototype/TopDownTest/Art/FrontContainerNormal.png,Assets/Textures/Environment/Dystopia/TopDown/FrontContainerNormal.png,8a499c0e4e268f34fac0e7606018541a,ea24192dab1718b41878ac2573225b56,A56F345924C0D9CE348D81B219A5D9C6A17B2455FB10740B5205D743AFC1E822,A56F345924C0D9CE348D81B219A5D9C6A17B2455FB10740B5205D743AFC1E822,png,8a499c0e4e268f34fac0e7606018541a,
Assets/DystopiaPrototype/TopDownTest/Art/TopDownCan.png,Assets/Textures/Products/Dystopia/TopDown/TopDownCan.png,ba5d7de8656dcad438db313d714cd6d1,c4bba592a3bca2d4b87b587901f2d9ba,95445A163BAFA082EB406FEBD03952AC96018AD654168621299C1C2B18166899,95445A163BAFA082EB406FEBD03952AC96018AD654168621299C1C2B18166899,png,ba5d7de8656dcad438db313d714cd6d1,
Assets/DystopiaPrototype/TopDownTest/Art/TopDownContainerEmpty.png,Assets/Textures/Environment/Dystopia/TopDown/TopDownContainerEmpty.png,5058e7ded0fcdd049997cb7d4bef30f6,6955a94fee299c041b90e4b175985c99,C75D727E39EF08078C2B6E1340B6E8BFDC1755028F035492F1523DD099400C3B,C75D727E39EF08078C2B6E1340B6E8BFDC1755028F035492F1523DD099400C3B,png,5058e7ded0fcdd049997cb7d4bef30f6,
Assets/DystopiaPrototype/TopDownTest/Art/TopDownContainerTilted.png,Assets/Textures/Environment/Dystopia/TopDown/TopDownContainerTilted.png,6866e4272ad30b44c92d59358a3a12f6,6d6c5630015749d4c9448854e1d7cb7d,C75D727E39EF08078C2B6E1340B6E8BFDC1755028F035492F1523DD099400C3B,C75D727E39EF08078C2B6E1340B6E8BFDC1755028F035492F1523DD099400C3B,png,6866e4272ad30b44c92d59358a3a12f6,
Assets/DystopiaPrototype/TopDownTest/Art/TopDownCrackers.png,Assets/Textures/Products/Dystopia/TopDown/TopDownCrackers.png,4050b76a7ca45de4ab139d77bfbfdd2b,66b72b5b3f7a5db419b44c2f084e12a5,E30400485F7C6A5D28F362C054CA310C6AA5D185193A26F849DF9E8C54FEAB37,E30400485F7C6A5D28F362C054CA310C6AA5D185193A26F849DF9E8C54FEAB37,png,4050b76a7ca45de4ab139d77bfbfdd2b,
Assets/DystopiaPrototype/TopDownTest/Art/TopDownRiceRound.png,Assets/Textures/Products/Dystopia/TopDown/TopDownRiceRound.png,b5572b8887a505448a991dbc0fe7aaa4,5079eee59946efe45baddb8bdfcb897a,FC175C48A3EE6D3377884502A13C9A0B7FC806F63F273F11674EAE5A18182294,FC175C48A3EE6D3377884502A13C9A0B7FC806F63F273F11674EAE5A18182294,png,b5572b8887a505448a991dbc0fe7aaa4,
Assets/DystopiaPrototype/TopDownTest/Art/TopDownWater.png,Assets/Textures/Products/Dystopia/TopDown/TopDownWater.png,85116844fe2300d47a1e7ed17365fdbf,2b3da9ff31cbe414aaeeb3fb15969045,DC95DE3B7AB4A3D4C58B50BA042B80466ACF0A07D80771A52385CFA6B7D909D6,DC95DE3B7AB4A3D4C58B50BA042B80466ACF0A07D80771A52385CFA6B7D909D6,png,85116844fe2300d47a1e7ed17365fdbf,
Assets/DystopiaPrototype/TopDownTest/Art/TopDownWorkbench.png,Assets/Textures/Environment/Dystopia/TopDown/TopDownWorkbench.png,2a170e436543a5647a171a435e7ba07d,9cedd5aaac8572d4991b75c8b0b499e9,23BF49AB25B8A99931B79F075DB2B4E42DB054923D7F0B4DD6BBCC70BDEB075D,23BF49AB25B8A99931B79F075DB2B4E42DB054923D7F0B4DD6BBCC70BDEB075D,png,2a170e436543a5647a171a435e7ba07d,
Assets/Shaders/PixelFog.shader,Assets/Shaders/Dystopia/PixelFog.shader,6816116619de75b4db7736c3398ba82a,ae0820ee839632e4f8a0c765fa07f512,E4996D9451695C57FFEED8944D24171A16CFF3685AD6172A99CA8E16131F824F,1EDD041D17D43D6533344A87528ABFB1BB910670F0BB696120B6635996C9B81C,shader,6816116619de75b4db7736c3398ba82a,
Assets/DystopiaPrototype/Art/Mulmaru.otf,Assets/Fonts/Dystopia/Mulmaru.otf,b3f0a6c94e8e4fc3a1f40d741190c0e6,e0cc59d2cdf8f9848940aaeeb3d443e0,CDC35E79D4BFFB6A6FA46FAD985EA8911F176940DE62F91B310343CF21A0206D,CDC35E79D4BFFB6A6FA46FAD985EA8911F176940DE62F91B310343CF21A0206D,font,b3f0a6c94e8e4fc3a1f40d741190c0e6,
Assets/DystopiaPrototype/Art/Mulmaru SDF.asset,Assets/Fonts/Dystopia/Mulmaru SDF.asset,d0489e42821d4094fbd0729a429f29d1,32b42a0afd978fe4b8fd3e9e49d62180,396E868F49AD2B3B75CD8BA1220EBC3E8F578A7A86AFA0DD21ABF112C1BA6D5C,396E868F49AD2B3B75CD8BA1220EBC3E8F578A7A86AFA0DD21ABF112C1BA6D5C,font-sdf,d0489e42821d4094fbd0729a429f29d1,
