"path","archive_sha256","imported_sha256","changed"
"Assets/DystopiaPrototype/ART_PROMPTS.md","C45AECCF4091AD47FBE93C8D2AA74F3F18FC43690EF4BD28CB53071FEB0F95C4","C45AECCF4091AD47FBE93C8D2AA74F3F18FC43690EF4BD28CB53071FEB0F95C4","False"
"Assets/DystopiaPrototype/ART_PROMPTS.md.meta","BE9137F74A125BC5C9FE5C4D69BEEFAD26295CB83B18EAC322D3A3796499080F","BE9137F74A125BC5C9FE5C4D69BEEFAD26295CB83B18EAC322D3A3796499080F","False"
"Assets/DystopiaPrototype/Art.meta","844A5A2E36BC05266AAF2698ACD8C99C4A20208A873B333CA449F9537EA46993","844A5A2E36BC05266AAF2698ACD8C99C4A20208A873B333CA449F9537EA46993","False"
"Assets/DystopiaPrototype/EDITABLE_SCENE.md","A28DF13AF134200E3ABCAA35EE7A7E79A1E0213910F9B7E4501B19E5002BD20F","A28DF13AF134200E3ABCAA35EE7A7E79A1E0213910F9B7E4501B19E5002BD20F","False"
"Assets/DystopiaPrototype/EDITABLE_SCENE.md.meta","EDC3599BB4FADA2F83A8D03272F232A263044AAAEC4CB10481DC1BD389E13419","EDC3599BB4FADA2F83A8D03272F232A263044AAAEC4CB10481DC1BD389E13419","False"
"Assets/DystopiaPrototype/Editor.meta","DAF57CF046CF0C3441AEB44F34BACDAFD57E7BF5D4C63A19FE6C3C844D50CB8C","DAF57CF046CF0C3441AEB44F34BACDAFD57E7BF5D4C63A19FE6C3C844D50CB8C","False"
"Assets/DystopiaPrototype/IMPLEMENTATION_NOTES.md","B8823CB59DB1B4D892B458B7BE6195F3D5FBC52CD3A6766DF3AF36461B012D38","B8823CB59DB1B4D892B458B7BE6195F3D5FBC52CD3A6766DF3AF36461B012D38","False"
"Assets/DystopiaPrototype/IMPLEMENTATION_NOTES.md.meta","B8568C33784C69DAEAF278F0D25CD8797A64AEB0612AEAB8CC88DAAEE2B995ED","B8568C33784C69DAEAF278F0D25CD8797A64AEB0612AEAB8CC88DAAEE2B995ED","False"
"Assets/DystopiaPrototype/Prefabs.meta","CB845705C46C839FE91FB5DAFF029DC5E76217AFAF200B006122793C0B880490","CB845705C46C839FE91FB5DAFF029DC5E76217AFAF200B006122793C0B880490","False"
"Assets/DystopiaPrototype/README.md","EA993F3B9D09F361AF615807B8777DA2E030A37481F5B1F06459A257AC139908","EA993F3B9D09F361AF615807B8777DA2E030A37481F5B1F06459A257AC139908","False"
"Assets/DystopiaPrototype/README.md.meta","6A5000598E67EEFEC2CF1804E974E18F86C814B11EAF905890C3366BC5155579","6A5000598E67EEFEC2CF1804E974E18F86C814B11EAF905890C3366BC5155579","False"
"Assets/DystopiaPrototype/Scenes.meta","E079C447BB4369E46902C30C65BDDA1EDFC1D0DAB1A8CF988A09B9073976270C","E079C447BB4369E46902C30C65BDDA1EDFC1D0DAB1A8CF988A09B9073976270C","False"
"Assets/DystopiaPrototype/Scripts.meta","F8EEDB950897FB26A4AB659D398BB2D3E030C8E9A230EA3659D6E5E0A18939F3","F8EEDB950897FB26A4AB659D398BB2D3E030C8E9A230EA3659D6E5E0A18939F3","False"
"Assets/DystopiaPrototype/TopDownTest.meta","3B3D04F930F4C5B40D6191656E73F181A5F6D287693B7FE1BC8B9602C2654762","3B3D04F930F4C5B40D6191656E73F181A5F6D287693B7FE1BC8B9602C2654762","False"
"Assets/DystopiaPrototype/Art/시계.png","2C864CF6FD635D1752761E29121D696A8C8DC5A83566923E4CB323610134EAD1","2C864CF6FD635D1752761E29121D696A8C8DC5A83566923E4CB323610134EAD1","False"
"Assets/DystopiaPrototype/Art/시계.png.meta","21B3668D4105C439069BF1D5A22A519910839947707043CA0D2046CD821A698A","21B3668D4105C439069BF1D5A22A519910839947707043CA0D2046CD821A698A","False"
"Assets/DystopiaPrototype/Art/Bandage.png","7567D975E0FCA11E34D2E21F75699BEDC21F92F6BA7E4592E4A77BC2C077128E","7567D975E0FCA11E34D2E21F75699BEDC21F92F6BA7E4592E4A77BC2C077128E","False"
"Assets/DystopiaPrototype/Art/Bandage.png.meta","BC4960ADACDB593282587A6A89E0B163C0230121CED0705C3D8FDC250D601554","931A6EF6DA0D81A12BCDF41F2C12C37E14DFC9E932810027C4CA09426D638A1D","True"
"Assets/DystopiaPrototype/Art/Battery.png","6184E30824D604EA43301AB763CA1C508B9FE3A591860D44904ADB131E3A7DEC","6184E30824D604EA43301AB763CA1C508B9FE3A591860D44904ADB131E3A7DEC","False"
"Assets/DystopiaPrototype/Art/Battery.png.meta","8344EFE28F93352787700E143B39B73C6AD442556AF01F60CADA0E64FB3AEC0B","CB1F4342CD6194B42282368961292EC905B44991C9B387834158E134BB6C9116","True"
"Assets/DystopiaPrototype/Art/BoothBarricade.png","47B6427F7F83BABE7727FA45C7B058496BBACA333CE9287E25C9C3AFC4959F23","47B6427F7F83BABE7727FA45C7B058496BBACA333CE9287E25C9C3AFC4959F23","False"
"Assets/DystopiaPrototype/Art/BoothBarricade.png.meta","E70AB35F39342EE39FD4EC7B17EE8420DD3557736B7D6FE701122194D7360C11","E70AB35F39342EE39FD4EC7B17EE8420DD3557736B7D6FE701122194D7360C11","False"
"Assets/DystopiaPrototype/Art/BoothCanopy.png","0478F893DE799DAB74877BDC322E6EFE88E4BE04755EA9C5AC956CF0FA6C67ED","0478F893DE799DAB74877BDC322E6EFE88E4BE04755EA9C5AC956CF0FA6C67ED","False"
"Assets/DystopiaPrototype/Art/BoothCanopy.png.meta","787C9B5ED0FA4651CE8388594CACD3B11F2573DA492408F4C82615AC77057812","787C9B5ED0FA4651CE8388594CACD3B11F2573DA492408F4C82615AC77057812","False"
"Assets/DystopiaPrototype/Art/BoothCounter.png","A8193103015B9E7B9F2ECE58688F31FAEC0E520969753666226DECC7BA591570","A8193103015B9E7B9F2ECE58688F31FAEC0E520969753666226DECC7BA591570","False"
"Assets/DystopiaPrototype/Art/BoothCounter.png.meta","FBC3D52B9BAF7A3D967EC2CC5829AFE358BB0D4A17BB42CAE2DF0AE2B16BF7E1","FBC3D52B9BAF7A3D967EC2CC5829AFE358BB0D4A17BB42CAE2DF0AE2B16BF7E1","False"
"Assets/DystopiaPrototype/Art/Can.png","352AAC4F386843199489BF5514D243E4E0AB4CA237053B561C40EC569E4757E5","352AAC4F386843199489BF5514D243E4E0AB4CA237053B561C40EC569E4757E5","False"
"Assets/DystopiaPrototype/Art/Can.png.meta","A16E736F82797B61A86FAEE35A083E58D8A8B660455079E1ECC7D804D998D7B9","15234917B49332F4E18434E4B8A81FD1378102DEBDD34D45BE3F07BD8AADA4DF","True"
"Assets/DystopiaPrototype/Art/ChimneySmoke0.png","4B56DED125CD7065CD540ED9508035416D4EDF3F741964D0D55B0CA11930DA36","4B56DED125CD7065CD540ED9508035416D4EDF3F741964D0D55B0CA11930DA36","False"
"Assets/DystopiaPrototype/Art/ChimneySmoke0.png.meta","62C05CB11860B51301B2F18F177A6469A95F9C47D33D6E90886BCF572EA1BDB7","62C05CB11860B51301B2F18F177A6469A95F9C47D33D6E90886BCF572EA1BDB7","False"
"Assets/DystopiaPrototype/Art/ChimneySmoke1.png","CE81DF521F4BE1EF515CEFAFBB7D537EC1402501CCEF65143B6DEECF8360E271","CE81DF521F4BE1EF515CEFAFBB7D537EC1402501CCEF65143B6DEECF8360E271","False"
"Assets/DystopiaPrototype/Art/ChimneySmoke1.png.meta","F539E4A0F51E64F838376ED31899082351496E04AFF535B9F882E89CDACF9FE4","F539E4A0F51E64F838376ED31899082351496E04AFF535B9F882E89CDACF9FE4","False"
"Assets/DystopiaPrototype/Art/ChimneySmoke2.png","BDBE89665D1EA8057621C5D6444735B20A7802E0D98D790B35A47A8E84D458AE","BDBE89665D1EA8057621C5D6444735B20A7802E0D98D790B35A47A8E84D458AE","False"
"Assets/DystopiaPrototype/Art/ChimneySmoke2.png.meta","8B1958D7EAB373E353CD712F2FED9F3D1B359A145205B194C3354442021DEA18","8B1958D7EAB373E353CD712F2FED9F3D1B359A145205B194C3354442021DEA18","False"
"Assets/DystopiaPrototype/Art/ChimneySmoke3.png","63EF9FE636886E80FAA12230745461FC8936E97924F93B76DBC578AE356C4539","63EF9FE636886E80FAA12230745461FC8936E97924F93B76DBC578AE356C4539","False"
"Assets/DystopiaPrototype/Art/ChimneySmoke3.png.meta","DC33CCCE6E40450E5AF4DDE32415C5288569C916F5DDA987207882075D611CBA","DC33CCCE6E40450E5AF4DDE32415C5288569C916F5DDA987207882075D611CBA","False"
"Assets/DystopiaPrototype/Art/Counter.png","91E7CDCFC66B2C6FBA32FA40BED699707CAC991876BC7EB0DF25156652DF8A02","91E7CDCFC66B2C6FBA32FA40BED699707CAC991876BC7EB0DF25156652DF8A02","False"
"Assets/DystopiaPrototype/Art/Counter.png.meta","24AEF54BB00FBFCDD685BCDD835BE3BAEE1546BA8518A988518A28F9E0DFE68D","24AEF54BB00FBFCDD685BCDD835BE3BAEE1546BA8518A988518A28F9E0DFE68D","False"
"Assets/DystopiaPrototype/Art/CounterClock1.png","F6B8148AB19E9DDD4D00E78321050C8C1DF0D4BE551E4C9E2AE12678A135B8CD","F6B8148AB19E9DDD4D00E78321050C8C1DF0D4BE551E4C9E2AE12678A135B8CD","False"
"Assets/DystopiaPrototype/Art/CounterClock1.png.meta","74CE62D69CF38C7BDA5931ABC257512825DBC6309F7CA40337EFA89AE7961CDC","74CE62D69CF38C7BDA5931ABC257512825DBC6309F7CA40337EFA89AE7961CDC","False"
"Assets/DystopiaPrototype/Art/CounterClockNormal.png","B141EFC2188F5C3755717E94780D8561D84383B4B8ED157644B66E50E39CB380","B141EFC2188F5C3755717E94780D8561D84383B4B8ED157644B66E50E39CB380","False"
"Assets/DystopiaPrototype/Art/CounterClockNormal.png.meta","41D3A8E85CC586512400E2EE5296660814F5376881647AD0F531F29CF62526A1","41D3A8E85CC586512400E2EE5296660814F5376881647AD0F531F29CF62526A1","False"
"Assets/DystopiaPrototype/Art/Crackers.png","E8C8B0935591FFB00D28F8E37FB1573C81750D10CFDD113E2F4F7F537EE1D66D","E8C8B0935591FFB00D28F8E37FB1573C81750D10CFDD113E2F4F7F537EE1D66D","False"
"Assets/DystopiaPrototype/Art/Crackers.png.meta","DB89F5C0F663187BAA41F1AA60049C2EA699D75A3C18A6EBE854AF0C53618E29","55741C04A6363C01C1402202FDDD78758CCB74C12141438408FB94F7560DAE79","True"
"Assets/DystopiaPrototype/Art/Crowd.png","C4A0CA23EBEDE2175EB94E42C5F71C5D2B6F0E7E2AA9D575F8BFB155476F31FE","C4A0CA23EBEDE2175EB94E42C5F71C5D2B6F0E7E2AA9D575F8BFB155476F31FE","False"
"Assets/DystopiaPrototype/Art/Crowd.png.meta","2D264079249301676213EFFF73FE83FB4006923FFCE24B566AD4483B357550E1","2D264079249301676213EFFF73FE83FB4006923FFCE24B566AD4483B357550E1","False"
"Assets/DystopiaPrototype/Art/CrowdBack.png","12F66538234C88FEEC419CAF77ACE8606F441724BE8E6D6B30997D8C1E352727","12F66538234C88FEEC419CAF77ACE8606F441724BE8E6D6B30997D8C1E352727","False"
"Assets/DystopiaPrototype/Art/CrowdBack.png.meta","83F361D0F44A3FCAEDB2BFA228B903B1BEBEEAD30303700CB552635FCCE72938","83F361D0F44A3FCAEDB2BFA228B903B1BEBEEAD30303700CB552635FCCE72938","False"
"Assets/DystopiaPrototype/Art/CrowdFront.png","5CE8BA4C497A5FBA47C1694EA6D989909023D2A8061F829C9232DB930C7CC305","5CE8BA4C497A5FBA47C1694EA6D989909023D2A8061F829C9232DB930C7CC305","False"
"Assets/DystopiaPrototype/Art/CrowdFront.png.meta","9980FF4E2214BFC062151B65B20B77DDA0BBCAA441156C83CFEA9826BF91DDFB","9980FF4E2214BFC062151B65B20B77DDA0BBCAA441156C83CFEA9826BF91DDFB","False"
"Assets/DystopiaPrototype/Art/CrowdMiddle.png","13BD13F9345B27F154090A3F978175A68EC2C2870ECA05F99BEC9C54834C0FE2","13BD13F9345B27F154090A3F978175A68EC2C2870ECA05F99BEC9C54834C0FE2","False"
"Assets/DystopiaPrototype/Art/CrowdMiddle.png.meta","CE739564D9A166E66DBA4E3975FB0B4F29A045DAD2F7F22E97CAC9976B65EE40","CE739564D9A166E66DBA4E3975FB0B4F29A045DAD2F7F22E97CAC9976B65EE40","False"
"Assets/DystopiaPrototype/Art/Customers.meta","F0C50B7A073F10FA364ABEFC237FD78A1D5701F0E2C5CCEF5CDB51065A845CAE","F0C50B7A073F10FA364ABEFC237FD78A1D5701F0E2C5CCEF5CDB51065A845CAE","False"
"Assets/DystopiaPrototype/Art/DailyInstruction.png","6BE218204E7858DFE0BF113CB6F832D4AC45AA595BC5017C9ECAE7D0DF12DFFC","6BE218204E7858DFE0BF113CB6F832D4AC45AA595BC5017C9ECAE7D0DF12DFFC","False"
"Assets/DystopiaPrototype/Art/DailyInstruction.png.meta","D4DAC48FD43CED1A7C7220F04B96CF75B06C60C92CCC1F8DE97D358D695B3320","D4DAC48FD43CED1A7C7220F04B96CF75B06C60C92CCC1F8DE97D358D695B3320","False"
"Assets/DystopiaPrototype/Art/DailyLedger.png","A898A75E5FED43FB696DF17B55CCE54334E8C55D3A68374D96C73EA0F68E09A2","A898A75E5FED43FB696DF17B55CCE54334E8C55D3A68374D96C73EA0F68E09A2","False"
"Assets/DystopiaPrototype/Art/DailyLedger.png.meta","D04BFEA71CACFAE21ECF7BC2BE10028337997F1A38FB92F85C03393A9D7D5770","D04BFEA71CACFAE21ECF7BC2BE10028337997F1A38FB92F85C03393A9D7D5770","False"
"Assets/DystopiaPrototype/Art/DialogueFrame.png","FF51BF53C90188B9ED46B0255D7A1441040068EEC6E60B00D8B45B512731AE25","FF51BF53C90188B9ED46B0255D7A1441040068EEC6E60B00D8B45B512731AE25","False"
"Assets/DystopiaPrototype/Art/DialogueFrame.png.meta","02258BB16C2C70FD74DA165806C11B8430E45FBCB6D1D449A99D3F2D41B4CF29","02258BB16C2C70FD74DA165806C11B8430E45FBCB6D1D449A99D3F2D41B4CF29","False"
"Assets/DystopiaPrototype/Art/FARBACKGROUND.png","8A16A7ABBB9417DFC92F8F5D244D6137CE961910C66637FAED826064B90C04A6","8A16A7ABBB9417DFC92F8F5D244D6137CE961910C66637FAED826064B90C04A6","False"
"Assets/DystopiaPrototype/Art/FARBACKGROUND.png.meta","C7210FCE150B2FCED7733149275B78C72CFE623A20268CD7703509DAD83DCBFE","C7210FCE150B2FCED7733149275B78C72CFE623A20268CD7703509DAD83DCBFE","False"
"Assets/DystopiaPrototype/Art/FogBack.mat","565A6429F51A04AECA79E6EABCA05A5922691155317453B9C473707CB68FA505","565A6429F51A04AECA79E6EABCA05A5922691155317453B9C473707CB68FA505","False"
"Assets/DystopiaPrototype/Art/FogBack.mat.meta","157000402F75911C9A6EDF78EEBD491EDA879494AF8291DDA1252197D4225A99","157000402F75911C9A6EDF78EEBD491EDA879494AF8291DDA1252197D4225A99","False"
"Assets/DystopiaPrototype/Art/FogBack.png","5DFADFAE6FEF684E705193D6E80A0E644860E1545E6E317CA3615247804B94E4","5DFADFAE6FEF684E705193D6E80A0E644860E1545E6E317CA3615247804B94E4","False"
"Assets/DystopiaPrototype/Art/FogBack.png.meta","E1CA4C6364364EE99998D231BBEA2ED3DDB43C6B5C7E73614C5C8170F732AA09","E1CA4C6364364EE99998D231BBEA2ED3DDB43C6B5C7E73614C5C8170F732AA09","False"
"Assets/DystopiaPrototype/Art/FogFront.mat","023D0C1F1E6FEE4C255A3BEF5C054C9F7BED02656FA4A62CEBC8881EA1B4192F","023D0C1F1E6FEE4C255A3BEF5C054C9F7BED02656FA4A62CEBC8881EA1B4192F","False"
"Assets/DystopiaPrototype/Art/FogFront.mat.meta","6FEBF93A72AE79C3B9D01582DD576394D6D9DFD1794F86A6E3D26C118CCDD2A2","6FEBF93A72AE79C3B9D01582DD576394D6D9DFD1794F86A6E3D26C118CCDD2A2","False"
"Assets/DystopiaPrototype/Art/FogFront.png","AACC9374278C6207F94A4D7776CBDF78ED0E5BDD838553837A1499B3FDE6B779","AACC9374278C6207F94A4D7776CBDF78ED0E5BDD838553837A1499B3FDE6B779","False"
"Assets/DystopiaPrototype/Art/FogFront.png.meta","7ECE4FA25556631724FDAF4EE404855262CBA49FECCBCA2E59E6FA73619F8A53","7ECE4FA25556631724FDAF4EE404855262CBA49FECCBCA2E59E6FA73619F8A53","False"
"Assets/DystopiaPrototype/Art/FogMid.mat","FDC170BCBAAF888B4F2E10531530681BA54E974CD1EAE1E040BFF3784CE7E2C0","FDC170BCBAAF888B4F2E10531530681BA54E974CD1EAE1E040BFF3784CE7E2C0","False"
"Assets/DystopiaPrototype/Art/FogMid.mat.meta","D4301BBE7EA6046B68562B2CA37D74CD7D6E57BA13136594D8A22F78845AB3A1","D4301BBE7EA6046B68562B2CA37D74CD7D6E57BA13136594D8A22F78845AB3A1","False"
"Assets/DystopiaPrototype/Art/FogMid.png","6AE02EDE098E6E3ED8DFEF482F8EC977F2ECFE5B3D7E324272F05BD29F0F6C16","6AE02EDE098E6E3ED8DFEF482F8EC977F2ECFE5B3D7E324272F05BD29F0F6C16","False"
"Assets/DystopiaPrototype/Art/FogMid.png.meta","84F38F503C58E2F9915C90D132BEBA55394030406F479651A37E47C7703931E6","84F38F503C58E2F9915C90D132BEBA55394030406F479651A37E47C7703931E6","False"
"Assets/DystopiaPrototype/Art/Fuel.png","DB77C65BEDEABB475439C940873422AE099705711A6F3BABA250AB10C608BDAE","DB77C65BEDEABB475439C940873422AE099705711A6F3BABA250AB10C608BDAE","False"
"Assets/DystopiaPrototype/Art/Fuel.png.meta","5DB584EFF195776862D0A2B173F1CC98BAF8208FA9B45BAA20A08B92AB31FA80","5DB584EFF195776862D0A2B173F1CC98BAF8208FA9B45BAA20A08B92AB31FA80","False"
"Assets/DystopiaPrototype/Art/GuardNeutral.mat","8446AB2A315908F3CDBEBC4CDC94C6F67E81A5DA6F60B9F292A90688C9FE4CFE","8446AB2A315908F3CDBEBC4CDC94C6F67E81A5DA6F60B9F292A90688C9FE4CFE","False"
"Assets/DystopiaPrototype/Art/GuardNeutral.mat.meta","2F12978AE4D32CC49C23CFDC0570449ABEE6648161DF301065AF8B6874151E08","2F12978AE4D32CC49C23CFDC0570449ABEE6648161DF301065AF8B6874151E08","False"
"Assets/DystopiaPrototype/Art/Inspector.png","7025DEF049B3E8314C36998BABC404F2360F94E6D654AEB08B607E33F0B8ECAA","7025DEF049B3E8314C36998BABC404F2360F94E6D654AEB08B607E33F0B8ECAA","False"
"Assets/DystopiaPrototype/Art/Inspector.png.meta","F91B2ABC73B47EFB3E9293C927DDE4E3FB392E3E3E640DAC22BB47E296AC8A44","F91B2ABC73B47EFB3E9293C927DDE4E3FB392E3E3E640DAC22BB47E296AC8A44","False"
"Assets/DystopiaPrototype/Art/InspectorBody.png","A26A2CA61E4FC83EB0D2121A28B380E2111FC238E2626D2BD91CE67921598B40","A26A2CA61E4FC83EB0D2121A28B380E2111FC238E2626D2BD91CE67921598B40","False"
"Assets/DystopiaPrototype/Art/InspectorBody.png.meta","718F467AE989EE11DA59FECDA093AFBA60EE0B3FF07FADCCFB990B14CD3681D2","718F467AE989EE11DA59FECDA093AFBA60EE0B3FF07FADCCFB990B14CD3681D2","False"
"Assets/DystopiaPrototype/Art/InspectorHead.png","EEFFF94621DCE46C4FF081A632272ED1AD19DE31FA532050EEA485BFCFF35339","EEFFF94621DCE46C4FF081A632272ED1AD19DE31FA532050EEA485BFCFF35339","False"
"Assets/DystopiaPrototype/Art/InspectorHead.png.meta","B9C3949AB311491DFDE157ACA3C7E6DF43409076817E6940A279761B7473A40C","B9C3949AB311491DFDE157ACA3C7E6DF43409076817E6940A279761B7473A40C","False"
"Assets/DystopiaPrototype/Art/InspectorNormal.png","86025B309AE8EE060F5D3A2CC1B8E14D3DB8E05A7AF317483C180A446F823589","86025B309AE8EE060F5D3A2CC1B8E14D3DB8E05A7AF317483C180A446F823589","False"
"Assets/DystopiaPrototype/Art/InspectorNormal.png.meta","6BE7FCC9F024C794A0E10FD130751CFF0C94E686D02D97583C1212BB442C0F3E","6BE7FCC9F024C794A0E10FD130751CFF0C94E686D02D97583C1212BB442C0F3E","False"
"Assets/DystopiaPrototype/Art/InspectorPortrait.shader","7B0F2C0D344ECE45CF7433D0B3F761D7A0E22D014797271B19368DB6063879DE","7B0F2C0D344ECE45CF7433D0B3F761D7A0E22D014797271B19368DB6063879DE","False"
"Assets/DystopiaPrototype/Art/InspectorPortrait.shader.meta","1ED4B4F21D48B819F2D7A7D8099F531A874FB56123A300D8803CC252F32E86C2","1ED4B4F21D48B819F2D7A7D8099F531A874FB56123A300D8803CC252F32E86C2","False"
"Assets/DystopiaPrototype/Art/LeftTowerNeutral.mat","582F6F95717AC5F7E9F0DBAC8F5431D2B23C90BCA2961D9ACDB12345830DE7AC","582F6F95717AC5F7E9F0DBAC8F5431D2B23C90BCA2961D9ACDB12345830DE7AC","False"
"Assets/DystopiaPrototype/Art/LeftTowerNeutral.mat.meta","07DD8E8559D2E0DDAC3E27874D00B43ED1093F393B4C9DB66FCE1A32EBFF2116","07DD8E8559D2E0DDAC3E27874D00B43ED1093F393B4C9DB66FCE1A32EBFF2116","False"
"Assets/DystopiaPrototype/Art/LeftWatchTower.png","5CB9176BD306ACF2A86D15285DA09397D38E2EB0C4824AF650FEB26F8DA42DBA","5CB9176BD306ACF2A86D15285DA09397D38E2EB0C4824AF650FEB26F8DA42DBA","False"
"Assets/DystopiaPrototype/Art/LeftWatchTower.png.meta","05ECCCAD2C0A2F19E7E324EC3A403884FE32236094FCC2D34511E5948D903B5F","05ECCCAD2C0A2F19E7E324EC3A403884FE32236094FCC2D34511E5948D903B5F","False"
"Assets/DystopiaPrototype/Art/MaleCustomer0.png","29E3D4321F8C9577FF4F5C95E653A63020806CFDD26442F04388357FDC5174B1","29E3D4321F8C9577FF4F5C95E653A63020806CFDD26442F04388357FDC5174B1","False"
"Assets/DystopiaPrototype/Art/MaleCustomer0.png.meta","B953003712739E56AAA5F3E0EEEEC93F523E7397673F77C9CBCB4140B0F962DC","B953003712739E56AAA5F3E0EEEEC93F523E7397673F77C9CBCB4140B0F962DC","False"
"Assets/DystopiaPrototype/Art/Mask.png","349A7C4212F93B3C77F8BE7325AAE4CB83B3B9D2E296D4D32EA92E6C83CA5CA3","349A7C4212F93B3C77F8BE7325AAE4CB83B3B9D2E296D4D32EA92E6C83CA5CA3","False"
"Assets/DystopiaPrototype/Art/Mask.png.meta","BA4B15F48172A329481E5D7590469EB94E69A9CF98694C0889BC18BD8C9BC871","BA4B15F48172A329481E5D7590469EB94E69A9CF98694C0889BC18BD8C9BC871","False"
"Assets/DystopiaPrototype/Art/MidBackground.png","610D2885FEC1D47C0969188B9E11BDF07994262F9DEC5FF193740EEEBAC35951","610D2885FEC1D47C0969188B9E11BDF07994262F9DEC5FF193740EEEBAC35951","False"
"Assets/DystopiaPrototype/Art/MidBackground.png.meta","1551511D8FEAD9BBB61E70C89C5CB99076F1A4EBE52825B260E2CCABA65D3846","1551511D8FEAD9BBB61E70C89C5CB99076F1A4EBE52825B260E2CCABA65D3846","False"
"Assets/DystopiaPrototype/Art/Mulmaru SDF.asset","396E868F49AD2B3B75CD8BA1220EBC3E8F578A7A86AFA0DD21ABF112C1BA6D5C","396E868F49AD2B3B75CD8BA1220EBC3E8F578A7A86AFA0DD21ABF112C1BA6D5C","False"
"Assets/DystopiaPrototype/Art/Mulmaru SDF.asset.meta","219553EC912E004D0EABD813E0D93E48A570D6C2299330BE2A5A036F826A56F3","219553EC912E004D0EABD813E0D93E48A570D6C2299330BE2A5A036F826A56F3","False"
"Assets/DystopiaPrototype/Art/Mulmaru.otf","CDC35E79D4BFFB6A6FA46FAD985EA8911F176940DE62F91B310343CF21A0206D","CDC35E79D4BFFB6A6FA46FAD985EA8911F176940DE62F91B310343CF21A0206D","False"
"Assets/DystopiaPrototype/Art/Mulmaru.otf.meta","857CFE854B518FA915E012C7749B4A34CBB0B9D91791EB85442AFF5335E8BAF6","857CFE854B518FA915E012C7749B4A34CBB0B9D91791EB85442AFF5335E8BAF6","False"
"Assets/DystopiaPrototype/Art/Painkiller.png","8B975A6F82A9487E0E5689A338CE8623CFC7C938A41EDB0469498E61405EDDBC","8B975A6F82A9487E0E5689A338CE8623CFC7C938A41EDB0469498E61405EDDBC","False"
"Assets/DystopiaPrototype/Art/Painkiller.png.meta","285BC82C7F3B918345F932595D376578A230323F8603BBB1EC811757D9612E29","600D75660EE4DB6A238574EB8D9FA122BBD2766CD1FA9686C9372237F2E83163","True"
"Assets/DystopiaPrototype/Art/Rice.png","E028654275EFBFB8D677458CE9CE39EF734E1BAE2FE769E298280EDE13DA429B","E028654275EFBFB8D677458CE9CE39EF734E1BAE2FE769E298280EDE13DA429B","False"
"Assets/DystopiaPrototype/Art/Rice.png.meta","C453536AF8F593E011775C92383B6FAA87A47E70E1CC0508BAAB7CBC722AF76B","C453536AF8F593E011775C92383B6FAA87A47E70E1CC0508BAAB7CBC722AF76B","False"
"Assets/DystopiaPrototype/Art/RightTowerNeutral.mat","A4666A4E59DB8A1C7058134A4F4BE33883E7AAC087C3751105FADF62CDACAAE2","A4666A4E59DB8A1C7058134A4F4BE33883E7AAC087C3751105FADF62CDACAAE2","False"
"Assets/DystopiaPrototype/Art/RightTowerNeutral.mat.meta","88F5367BBA05619FD45B4B557FE0B068C0F45793C0734C5D7B7EEEABA96D9D8A","88F5367BBA05619FD45B4B557FE0B068C0F45793C0734C5D7B7EEEABA96D9D8A","False"
"Assets/DystopiaPrototype/Art/RightWatchTower.png","ED2B4A2E0603D04C04729F5FA246E06FD890646FD5B8B07D4B09C36206FF6723","ED2B4A2E0603D04C04729F5FA246E06FD890646FD5B8B07D4B09C36206FF6723","False"
"Assets/DystopiaPrototype/Art/RightWatchTower.png.meta","4755A825E920105EB55C0EE807FEC128629ED5203B77F0A3E3A1549C87D4C7A3","4755A825E920105EB55C0EE807FEC128629ED5203B77F0A3E3A1549C87D4C7A3","False"
"Assets/DystopiaPrototype/Art/Seoul.png","E6EB3AE809172D759379B43AD22687B595FF3BF4BE797955AAF030C8AB1E5F5A","E6EB3AE809172D759379B43AD22687B595FF3BF4BE797955AAF030C8AB1E5F5A","False"
"Assets/DystopiaPrototype/Art/Seoul.png.meta","923784CD8F3B0ADED90B18F343D9A38D6B16C3D507A1795F00FAA338B913ECA2","923784CD8F3B0ADED90B18F343D9A38D6B16C3D507A1795F00FAA338B913ECA2","False"
"Assets/DystopiaPrototype/Art/Soap.png","B9B2F0982C05A04975B9C94798B864BC09A0D7AC2BB97DA29D2C2C04104D9C7B","B9B2F0982C05A04975B9C94798B864BC09A0D7AC2BB97DA29D2C2C04104D9C7B","False"
"Assets/DystopiaPrototype/Art/Soap.png.meta","599F1B01512D94DBE4FC08C9B7C45CC83763E0D75E5C93FACCF541FF3E1EABFE","599F1B01512D94DBE4FC08C9B7C45CC83763E0D75E5C93FACCF541FF3E1EABFE","False"
"Assets/DystopiaPrototype/Art/TimeOfDay.meta","C1215A3CFCE26FA1625F7A8BDD623A7E0ED4C743C1CA78F10A7EFF81C2F4EF73","C1215A3CFCE26FA1625F7A8BDD623A7E0ED4C743C1CA78F10A7EFF81C2F4EF73","False"
"Assets/DystopiaPrototype/Art/WatchGuard.png","62297DD4879B3C6E0832C1C530EE15EAA4B11DCE3EB07F2F230D874FCF0FF9DF","62297DD4879B3C6E0832C1C530EE15EAA4B11DCE3EB07F2F230D874FCF0FF9DF","False"
"Assets/DystopiaPrototype/Art/WatchGuard.png.meta","4AE4C006AADB00B48419FF80C8A48C1B9EB6099E67CAAA5EC6D620CAFE84A9AC","4AE4C006AADB00B48419FF80C8A48C1B9EB6099E67CAAA5EC6D620CAFE84A9AC","False"
"Assets/DystopiaPrototype/Art/WatchNeutral.shader","B312BA308D19628F514F595BA493346AFC9B55D88097938A69379B9606A1F11A","B312BA308D19628F514F595BA493346AFC9B55D88097938A69379B9606A1F11A","False"
"Assets/DystopiaPrototype/Art/WatchNeutral.shader.meta","14844EA39B3FA6CB9EEBF0AE384FF55CFDEDE472AA830D77BDDBEBCA73CC90B0","14844EA39B3FA6CB9EEBF0AE384FF55CFDEDE472AA830D77BDDBEBCA73CC90B0","False"
"Assets/DystopiaPrototype/Art/Water.png","8814D7B5B6E0C9CEFC4D5B2363C406DB3BB0D2667761CA4502D43B204EF29E57","8814D7B5B6E0C9CEFC4D5B2363C406DB3BB0D2667761CA4502D43B204EF29E57","False"
"Assets/DystopiaPrototype/Art/Water.png.meta","2187CF3779D9A77E2F4E700612ACCA5795D510B0E29C37D140A080CE5C624297","358D11D8B5621A16572EA01018F8A911FF305A29CC966C0DE1DA630D0517DE47","True"
"Assets/DystopiaPrototype/Art/Customers/FemaleCustomer_01.png","B8AF9DA803340546944DE10B883D5509B10CD2A4CB389D39EC89536A603A8570","B8AF9DA803340546944DE10B883D5509B10CD2A4CB389D39EC89536A603A8570","False"
"Assets/DystopiaPrototype/Art/Customers/FemaleCustomer_01.png.meta","F364192E395ED5866942FEA81C3A067BF7C6056D0BBF8DEABA508704C8349E09","F364192E395ED5866942FEA81C3A067BF7C6056D0BBF8DEABA508704C8349E09","False"
"Assets/DystopiaPrototype/Art/Customers/FemaleCustomer_02.png","45473FD010EF1015B9FE452BE06A24B858D5A0B63C3DD41487FE5F82C8CB8102","45473FD010EF1015B9FE452BE06A24B858D5A0B63C3DD41487FE5F82C8CB8102","False"
"Assets/DystopiaPrototype/Art/Customers/FemaleCustomer_02.png.meta","F60F79BC5975836EC6645D0C25F2C063789A15FAD2B592856E82426E8ADF5A73","F60F79BC5975836EC6645D0C25F2C063789A15FAD2B592856E82426E8ADF5A73","False"
"Assets/DystopiaPrototype/Art/Customers/FemaleCustomer_03.png","F649AA45492E908D04FF31A74755359B7CBC6756FF303336E9F26AA777DF790B","F649AA45492E908D04FF31A74755359B7CBC6756FF303336E9F26AA777DF790B","False"
"Assets/DystopiaPrototype/Art/Customers/FemaleCustomer_03.png.meta","624845077506CCD6AA66E91C7FB7EEDC8EDEAE5067A333D170AB3D832C89C793","624845077506CCD6AA66E91C7FB7EEDC8EDEAE5067A333D170AB3D832C89C793","False"
"Assets/DystopiaPrototype/Art/Customers/FemaleCustomer_04.png","EA52B93E488E9CB8E29755D0B659398DD2EA18AF7C5BA91C708D55D8BC82E86B","EA52B93E488E9CB8E29755D0B659398DD2EA18AF7C5BA91C708D55D8BC82E86B","False"
"Assets/DystopiaPrototype/Art/Customers/FemaleCustomer_04.png.meta","B8EB3AC5D82E01786E5385211B34E252F49B611681FF5DDE8B07E0552F5E0CB2","B8EB3AC5D82E01786E5385211B34E252F49B611681FF5DDE8B07E0552F5E0CB2","False"
"Assets/DystopiaPrototype/Art/Customers/FemaleCustomer_05.png","A36C6CED7EBB31A5E79DE5D2EC70CDAA46724BC420BC409A9FFE1922C724BE33","A36C6CED7EBB31A5E79DE5D2EC70CDAA46724BC420BC409A9FFE1922C724BE33","False"
"Assets/DystopiaPrototype/Art/Customers/FemaleCustomer_05.png.meta","C1DEE913FE2E56C344321548C0B7D04ACAC65A3F869455D7026EB591AF923A3F","C1DEE913FE2E56C344321548C0B7D04ACAC65A3F869455D7026EB591AF923A3F","False"
"Assets/DystopiaPrototype/Art/Customers/FemaleCustomer_06.png","934B55B8D5AC6F2279F65C955CE8687FA118BFE6FE16D5B3EB62BB324B9A2227","934B55B8D5AC6F2279F65C955CE8687FA118BFE6FE16D5B3EB62BB324B9A2227","False"
"Assets/DystopiaPrototype/Art/Customers/FemaleCustomer_06.png.meta","07C40E0220832304103EC6D34043DBC0387A14B711B68A1C18A8CFB766448DF4","07C40E0220832304103EC6D34043DBC0387A14B711B68A1C18A8CFB766448DF4","False"
"Assets/DystopiaPrototype/Art/Customers/FemaleCustomer_08.png","722030EFD5F689EFEB91ED3B1BAA0E2D6C593D70E82446CEE3966CBECA40DB13","722030EFD5F689EFEB91ED3B1BAA0E2D6C593D70E82446CEE3966CBECA40DB13","False"
"Assets/DystopiaPrototype/Art/Customers/FemaleCustomer_08.png.meta","4660670C5E1C877A06F7519B9BCEE7C0C5E5F5006C9AD65817D6AE2B7EB25969","4660670C5E1C877A06F7519B9BCEE7C0C5E5F5006C9AD65817D6AE2B7EB25969","False"
"Assets/DystopiaPrototype/Art/Customers/FemaleCustomer_09.png","0A76D7869CD3B02F8ADFA1F5961BBE6177F2A5B9D039EBA17A6571CB9C0DE1E2","0A76D7869CD3B02F8ADFA1F5961BBE6177F2A5B9D039EBA17A6571CB9C0DE1E2","False"
"Assets/DystopiaPrototype/Art/Customers/FemaleCustomer_09.png.meta","78E8F86B9BC428DC772D68B89CD01976ECB536B6795DC1A4DB0B270F0BECCD49","78E8F86B9BC428DC772D68B89CD01976ECB536B6795DC1A4DB0B270F0BECCD49","False"
"Assets/DystopiaPrototype/Art/Customers/FemaleCustomer_10.png","EDE05D1345ADBA1A1FC5346B0AD11BE83D4F871B9027669CD99467ECA749A526","EDE05D1345ADBA1A1FC5346B0AD11BE83D4F871B9027669CD99467ECA749A526","False"
"Assets/DystopiaPrototype/Art/Customers/FemaleCustomer_10.png.meta","A0A8D7135FC7DA489F00D7026B812C517AD7AFB9B84FEE182F008120C9195A8C","A0A8D7135FC7DA489F00D7026B812C517AD7AFB9B84FEE182F008120C9195A8C","False"
"Assets/DystopiaPrototype/Art/Customers/FemaleCustomer_11.png","4F2772D5B9A78E8B7227FF248ED8F5AF9D0A2A7A2152C0B50AAB67E5AFC16932","4F2772D5B9A78E8B7227FF248ED8F5AF9D0A2A7A2152C0B50AAB67E5AFC16932","False"
"Assets/DystopiaPrototype/Art/Customers/FemaleCustomer_11.png.meta","4C51B224A6CCFBCEBAF45FA2C7A3D9833BBDC7CC2E301821B49D096A18308DE1","4C51B224A6CCFBCEBAF45FA2C7A3D9833BBDC7CC2E301821B49D096A18308DE1","False"
"Assets/DystopiaPrototype/Art/Customers/FemaleCustomer_12.png","CF9A398B0869885C2681195F0AE8C2C5B9E5946A575B8570B54398F6ABE12E11","CF9A398B0869885C2681195F0AE8C2C5B9E5946A575B8570B54398F6ABE12E11","False"
"Assets/DystopiaPrototype/Art/Customers/FemaleCustomer_12.png.meta","24F86B9262A1D68B93DEA1B75B32E86833C10B7D7E450A6A969E4D2E333CD83B","24F86B9262A1D68B93DEA1B75B32E86833C10B7D7E450A6A969E4D2E333CD83B","False"
"Assets/DystopiaPrototype/Art/Customers/FemaleCustomer_14.png","12E985D3052DA652DCBE34BB2482A2761F9A5D5EFE6A0A6FDC9D04E4F1DC515F","12E985D3052DA652DCBE34BB2482A2761F9A5D5EFE6A0A6FDC9D04E4F1DC515F","False"
"Assets/DystopiaPrototype/Art/Customers/FemaleCustomer_14.png.meta","493D7577D738838F04292E1BBB9E2BF3A66BFA891CF9E0E0736E75F0D5B0B48A","493D7577D738838F04292E1BBB9E2BF3A66BFA891CF9E0E0736E75F0D5B0B48A","False"
"Assets/DystopiaPrototype/Art/Customers/FemaleCustomer_15.png","2971C32FC9E12704DFC3D4C48D41172EE3708AA640C685864E0EF921989B2102","2971C32FC9E12704DFC3D4C48D41172EE3708AA640C685864E0EF921989B2102","False"
"Assets/DystopiaPrototype/Art/Customers/FemaleCustomer_15.png.meta","F4645B27F421BE0A21C0DC7341DE30015FC6C0C7D5D645ED5ECCD3A96F2B92E2","F4645B27F421BE0A21C0DC7341DE30015FC6C0C7D5D645ED5ECCD3A96F2B92E2","False"
"Assets/DystopiaPrototype/Art/Customers/FemaleCustomer_16.png","68AAC9023DFF8EA6060808549E841B0A5F6C9FEE21CE9AF7524EF5790BF08424","68AAC9023DFF8EA6060808549E841B0A5F6C9FEE21CE9AF7524EF5790BF08424","False"
"Assets/DystopiaPrototype/Art/Customers/FemaleCustomer_16.png.meta","552C7347D069246C20A4C63780F9CCCB5F0E755300CDC15BE68A495E7AB72C8C","552C7347D069246C20A4C63780F9CCCB5F0E755300CDC15BE68A495E7AB72C8C","False"
"Assets/DystopiaPrototype/Art/Customers/FemaleCustomer_17.png","A3F8697482E714F2940E81774D80DDD5903DB0144E0B503CFE0104780253391B","A3F8697482E714F2940E81774D80DDD5903DB0144E0B503CFE0104780253391B","False"
"Assets/DystopiaPrototype/Art/Customers/FemaleCustomer_17.png.meta","298940FB1DEA1597E7AAB13A8977BA27B17A6646E395FEC922C3AA3DB6641221","298940FB1DEA1597E7AAB13A8977BA27B17A6646E395FEC922C3AA3DB6641221","False"
"Assets/DystopiaPrototype/Art/Customers/FemaleCustomer_18.png","D466D53B8878B244E07C79D39487AB794F2E7218965982D4343B846F2B9CEBBB","D466D53B8878B244E07C79D39487AB794F2E7218965982D4343B846F2B9CEBBB","False"
"Assets/DystopiaPrototype/Art/Customers/FemaleCustomer_18.png.meta","9472BDE8B21BAD6BC2615FCBE7A4067B1486BE97ABDE606419E298E452DE521E","9472BDE8B21BAD6BC2615FCBE7A4067B1486BE97ABDE606419E298E452DE521E","False"
"Assets/DystopiaPrototype/Art/Customers/FemaleCustomer_19.png","4CF10AF8A2D5D12C4C92E0ABA24140455EC4369B180D5FCAA9B608B5DE9EEA17","4CF10AF8A2D5D12C4C92E0ABA24140455EC4369B180D5FCAA9B608B5DE9EEA17","False"
"Assets/DystopiaPrototype/Art/Customers/FemaleCustomer_19.png.meta","CF5A0680D224F9E7F984B8E6D3E0D518C7A9AF7FE2D45C5BFE41A33385894DE2","CF5A0680D224F9E7F984B8E6D3E0D518C7A9AF7FE2D45C5BFE41A33385894DE2","False"
"Assets/DystopiaPrototype/Art/Customers/FemaleCustomer_20.png","85F477C830F0E79884BF5A34CC908D4DC49FA48663AB88AC392DAD495DB44740","85F477C830F0E79884BF5A34CC908D4DC49FA48663AB88AC392DAD495DB44740","False"
"Assets/DystopiaPrototype/Art/Customers/FemaleCustomer_20.png.meta","9DA15F790984A60E8C95A856EB8E5ACAFE6A7AE25D59AA72318A7ADDBFBDFA91","9DA15F790984A60E8C95A856EB8E5ACAFE6A7AE25D59AA72318A7ADDBFBDFA91","False"
"Assets/DystopiaPrototype/Art/Customers/MaleCustomer_01.png","5DFA9303BDDABD3648824924C0DA534D9BA427B25BE03A15E52908C4A2E8C6D4","5DFA9303BDDABD3648824924C0DA534D9BA427B25BE03A15E52908C4A2E8C6D4","False"
"Assets/DystopiaPrototype/Art/Customers/MaleCustomer_01.png.meta","9ED9F6755573C813310C16042E3ED19B3F8D28F6519CD2771E7234DC0BEB8BCF","9ED9F6755573C813310C16042E3ED19B3F8D28F6519CD2771E7234DC0BEB8BCF","False"
"Assets/DystopiaPrototype/Art/Customers/MaleCustomer_02.png","2324E9B2501B2C94729485F0382D959937AED64E6349DEAAAE4985AFA0659FD7","2324E9B2501B2C94729485F0382D959937AED64E6349DEAAAE4985AFA0659FD7","False"
"Assets/DystopiaPrototype/Art/Customers/MaleCustomer_02.png.meta","879366B84AB738A37DD201D5A942B710BAA279FB0D7753A5969AE8A8A44BC438","879366B84AB738A37DD201D5A942B710BAA279FB0D7753A5969AE8A8A44BC438","False"
"Assets/DystopiaPrototype/Art/Customers/MaleCustomer_03.png","F9B33483E6A5F8B629728B352110E680AF16351358E716F9867E62FD84431E1F","F9B33483E6A5F8B629728B352110E680AF16351358E716F9867E62FD84431E1F","False"
"Assets/DystopiaPrototype/Art/Customers/MaleCustomer_03.png.meta","A937DD237003A3213D9C41D8F6324420DCD39BFF9C84294558F0903744E82479","A937DD237003A3213D9C41D8F6324420DCD39BFF9C84294558F0903744E82479","False"
"Assets/DystopiaPrototype/Art/Customers/MaleCustomer_04.png","0DD5009CDAE2C057A71ADE01596BA5CC16382A7160F9D6F61C7BC008D325F645","0DD5009CDAE2C057A71ADE01596BA5CC16382A7160F9D6F61C7BC008D325F645","False"
"Assets/DystopiaPrototype/Art/Customers/MaleCustomer_04.png.meta","454056CDBDFECFF851FE13356F6565700C7371E5EBAFF4F36BA33B77DE0CE33D","454056CDBDFECFF851FE13356F6565700C7371E5EBAFF4F36BA33B77DE0CE33D","False"
"Assets/DystopiaPrototype/Art/Customers/MaleCustomer_05.png","6AECF6CF06000CB81F526A573950DAAAF1FC4CB49C1BE6E09DAC233C3A5B6593","6AECF6CF06000CB81F526A573950DAAAF1FC4CB49C1BE6E09DAC233C3A5B6593","False"
"Assets/DystopiaPrototype/Art/Customers/MaleCustomer_05.png.meta","5A014D609AA40C0A791EF8DFC1450A8C789A4EC9D89986DD46C5CF69576C4DB0","5A014D609AA40C0A791EF8DFC1450A8C789A4EC9D89986DD46C5CF69576C4DB0","False"
"Assets/DystopiaPrototype/Art/Customers/MaleCustomer_06.png","27F22B83A1030B8E6B59130CAD62318BD4188D50CAE55354A40C96F8D033D878","27F22B83A1030B8E6B59130CAD62318BD4188D50CAE55354A40C96F8D033D878","False"
"Assets/DystopiaPrototype/Art/Customers/MaleCustomer_06.png.meta","97AC82F49D7D0EF40B88A2B87C3091192097DDC3AFB4DAB50FDDF1B58D6D4466","97AC82F49D7D0EF40B88A2B87C3091192097DDC3AFB4DAB50FDDF1B58D6D4466","False"
"Assets/DystopiaPrototype/Art/Customers/MaleCustomer_07.png","6F6FDD1C2857FF2E8F9AE947E5099713A405BFF09D9BBDA8C2A4B27DE81749D9","6F6FDD1C2857FF2E8F9AE947E5099713A405BFF09D9BBDA8C2A4B27DE81749D9","False"
"Assets/DystopiaPrototype/Art/Customers/MaleCustomer_07.png.meta","727462C7C2BCE7BC93089235905F50FB6A2761CA1B23241D99D99CB306D39BE9","727462C7C2BCE7BC93089235905F50FB6A2761CA1B23241D99D99CB306D39BE9","False"
"Assets/DystopiaPrototype/Art/Customers/MaleCustomer_08.png","6B1061F8411D9CFAEB599AA7D5D52E3B2525113B7FB62C8D435152EC8D14867F","6B1061F8411D9CFAEB599AA7D5D52E3B2525113B7FB62C8D435152EC8D14867F","False"
"Assets/DystopiaPrototype/Art/Customers/MaleCustomer_08.png.meta","99D9F6FD89FEB3E2FBB3EF28462E967D469D4858C3964372A8D4E589924E939F","99D9F6FD89FEB3E2FBB3EF28462E967D469D4858C3964372A8D4E589924E939F","False"
"Assets/DystopiaPrototype/Art/Customers/MaleCustomer_09.png","2CA2F8007E2D8F933F1EAD38E70A34FC018AD31383589621BC1B676D9FF91C32","2CA2F8007E2D8F933F1EAD38E70A34FC018AD31383589621BC1B676D9FF91C32","False"
"Assets/DystopiaPrototype/Art/Customers/MaleCustomer_09.png.meta","1A2721A2CD3F0459F4C6771442113F4BBCA282085C95CCDB7A17845F52D14576","1A2721A2CD3F0459F4C6771442113F4BBCA282085C95CCDB7A17845F52D14576","False"
"Assets/DystopiaPrototype/Art/Customers/MaleCustomer_10.png","32DB445899F0AA62AB87CEE6E4364BCAABBDDF765E14A340B09E773B54052521","32DB445899F0AA62AB87CEE6E4364BCAABBDDF765E14A340B09E773B54052521","False"
"Assets/DystopiaPrototype/Art/Customers/MaleCustomer_10.png.meta","21254628543578EA237BECC9EA9EDC6262489BDE3044194BB4F6EFF3A0028D40","21254628543578EA237BECC9EA9EDC6262489BDE3044194BB4F6EFF3A0028D40","False"
"Assets/DystopiaPrototype/Art/Customers/MaleCustomer_12.png","246251CC627C59727FFAC69321D1AA75CD434CB8969731B4C0CBA0A784DF7549","246251CC627C59727FFAC69321D1AA75CD434CB8969731B4C0CBA0A784DF7549","False"
"Assets/DystopiaPrototype/Art/Customers/MaleCustomer_12.png.meta","5E8D07839F4813111687F75AB18FC32D73C74D4EA0DF7A084AAE6DC2C8CDF511","5E8D07839F4813111687F75AB18FC32D73C74D4EA0DF7A084AAE6DC2C8CDF511","False"
"Assets/DystopiaPrototype/Art/Customers/MaleCustomer_13.png","BA5755A235963C642404C242AEAA389C224FD0F417FA4FB3E0BB838531740B97","BA5755A235963C642404C242AEAA389C224FD0F417FA4FB3E0BB838531740B97","False"
"Assets/DystopiaPrototype/Art/Customers/MaleCustomer_13.png.meta","7FAFE3147CA3DFD58EAD47D3D843A6867A7BEE5055C7EFDEBA01661381E34D28","7FAFE3147CA3DFD58EAD47D3D843A6867A7BEE5055C7EFDEBA01661381E34D28","False"
"Assets/DystopiaPrototype/Art/Customers/MaleCustomer_14.png","65B00EEE51860C8AB43BC842511374980228245B01750716C1335D5F9287BC70","65B00EEE51860C8AB43BC842511374980228245B01750716C1335D5F9287BC70","False"
"Assets/DystopiaPrototype/Art/Customers/MaleCustomer_14.png.meta","3EAB1C9C0D7C71C47FAD9851DC99AFA7DD4ABA40A2E8A4EA444356435605A9E5","3EAB1C9C0D7C71C47FAD9851DC99AFA7DD4ABA40A2E8A4EA444356435605A9E5","False"
"Assets/DystopiaPrototype/Art/Customers/MaleCustomer_15.png","434C218B7B1A425BFD0C4E0B04D1DE4E56756A0D9FDCF1205B3A9096DCC36B98","434C218B7B1A425BFD0C4E0B04D1DE4E56756A0D9FDCF1205B3A9096DCC36B98","False"
"Assets/DystopiaPrototype/Art/Customers/MaleCustomer_15.png.meta","387826293D60ED706B29E0C7051DF6010BA2881735C81609BDE9D6AA63B8ECB2","387826293D60ED706B29E0C7051DF6010BA2881735C81609BDE9D6AA63B8ECB2","False"
"Assets/DystopiaPrototype/Art/Customers/MaleCustomer_16.png","784C8B320B8BBFCB8058932B181100BAA5FC829DB7980825CC1FB2AEB81FB4FE","784C8B320B8BBFCB8058932B181100BAA5FC829DB7980825CC1FB2AEB81FB4FE","False"
"Assets/DystopiaPrototype/Art/Customers/MaleCustomer_16.png.meta","96F58233467D2382735F094C6C932A8C8F8E495564181CCEDA2A31AD7DD852F6","96F58233467D2382735F094C6C932A8C8F8E495564181CCEDA2A31AD7DD852F6","False"
"Assets/DystopiaPrototype/Art/Customers/MaleCustomer_17.png","115DD2DFC04146298ACC740E66E80E3029C10C0850C73D94798BA412AF176A03","115DD2DFC04146298ACC740E66E80E3029C10C0850C73D94798BA412AF176A03","False"
"Assets/DystopiaPrototype/Art/Customers/MaleCustomer_17.png.meta","EA65395FA3D39702EC0431A22285ED014D825496EE6F43B44B28F9AC28E8FAA1","EA65395FA3D39702EC0431A22285ED014D825496EE6F43B44B28F9AC28E8FAA1","False"
"Assets/DystopiaPrototype/Art/Customers/MaleCustomer_18_Normal.png","652EBF0CC93E492DB5AE12553757DA1E1E168F9C2D4F2BA71E7452C68834D26D","652EBF0CC93E492DB5AE12553757DA1E1E168F9C2D4F2BA71E7452C68834D26D","False"
"Assets/DystopiaPrototype/Art/Customers/MaleCustomer_18_Normal.png.meta","B987288F4BFD9D0ED2CBEB462BE52136B0691AC6C1E376AAD39A6C4DFD9CECB6","B987288F4BFD9D0ED2CBEB462BE52136B0691AC6C1E376AAD39A6C4DFD9CECB6","False"
"Assets/DystopiaPrototype/Art/Customers/MaleCustomer_18.png","8C868E442E20337D092387AA496B05E8B9F1CDFF6593116FF4E90894D6261DCE","8C868E442E20337D092387AA496B05E8B9F1CDFF6593116FF4E90894D6261DCE","False"
"Assets/DystopiaPrototype/Art/Customers/MaleCustomer_18.png.meta","7B52B314F4CAB2F6F0DC50B9670A87EEA2DBFC0E1DC640D7C421A177BD49E5C1","7B52B314F4CAB2F6F0DC50B9670A87EEA2DBFC0E1DC640D7C421A177BD49E5C1","False"
"Assets/DystopiaPrototype/Art/Customers/MaleCustomer_19.png","D50DF1981D9DF65DC47CF396D398BCD19B817C7C3DA88F39431B13E66CA21576","D50DF1981D9DF65DC47CF396D398BCD19B817C7C3DA88F39431B13E66CA21576","False"
"Assets/DystopiaPrototype/Art/Customers/MaleCustomer_19.png.meta","A65A71BA12522845E787BB63412C1C5381E1B525F7729DE7092B38522164E560","A65A71BA12522845E787BB63412C1C5381E1B525F7729DE7092B38522164E560","False"
"Assets/DystopiaPrototype/Art/Customers/MaleCustomer_21.png","C7B1B0F971CF133A16D989615E3623D95E8172B0857759AD71C0BD6C14041387","C7B1B0F971CF133A16D989615E3623D95E8172B0857759AD71C0BD6C14041387","False"
"Assets/DystopiaPrototype/Art/Customers/MaleCustomer_21.png.meta","48F1AC03DB24F37FF97183C3560374DAD5EF8B8A3847EE0070FDDDF80385C4E7","48F1AC03DB24F37FF97183C3560374DAD5EF8B8A3847EE0070FDDDF80385C4E7","False"
"Assets/DystopiaPrototype/Art/Customers/MaleCustomer_22.png","954D629FD30EC75D9EC473D81EDC1E1D1C5C05E979FDE9A3DA004123EAFBECE3","954D629FD30EC75D9EC473D81EDC1E1D1C5C05E979FDE9A3DA004123EAFBECE3","False"
"Assets/DystopiaPrototype/Art/Customers/MaleCustomer_22.png.meta","952B78A554897423286BC6323E4F038CB4C1F38601B6EF4C4913AACFA9E1AE27","952B78A554897423286BC6323E4F038CB4C1F38601B6EF4C4913AACFA9E1AE27","False"
"Assets/DystopiaPrototype/Art/Customers/MaleCustomer_23.png","FD3395CF1D9CB1DE4DBA199D345C8E97D2B1811A6B4F344D889A7EED25A38758","FD3395CF1D9CB1DE4DBA199D345C8E97D2B1811A6B4F344D889A7EED25A38758","False"
"Assets/DystopiaPrototype/Art/Customers/MaleCustomer_23.png.meta","3EAC0896F046A65BBF242142527EDEA2AFB0D32DE2BADEBF010094B7003DBC70","3EAC0896F046A65BBF242142527EDEA2AFB0D32DE2BADEBF010094B7003DBC70","False"
"Assets/DystopiaPrototype/Art/Customers/MaleCustomer_24.png","9C60947271F1F8316E9656CD3EB4B3E1269820B98FCAB24CA57E03B53F91CFA8","9C60947271F1F8316E9656CD3EB4B3E1269820B98FCAB24CA57E03B53F91CFA8","False"
"Assets/DystopiaPrototype/Art/Customers/MaleCustomer_24.png.meta","E3396ECA0F387821BC7FE34F3409C72159E72915E62EAB796F27EEB4B02D40E3","E3396ECA0F387821BC7FE34F3409C72159E72915E62EAB796F27EEB4B02D40E3","False"
"Assets/DystopiaPrototype/Art/Customers/MaleCustomer_25.png","D9D9C464EDFB611B4D360559B88D690BA6FFED89BF7B841951C45F79559A93B8","D9D9C464EDFB611B4D360559B88D690BA6FFED89BF7B841951C45F79559A93B8","False"
"Assets/DystopiaPrototype/Art/Customers/MaleCustomer_25.png.meta","1454F3CF756F9F8AFE99957900FD104CC2CB9233F74B05EB970AF92199496705","1454F3CF756F9F8AFE99957900FD104CC2CB9233F74B05EB970AF92199496705","False"
"Assets/DystopiaPrototype/Art/Customers/MaleCustomer_26.png","132B7C62300DBD6EDAFC6533E50B59C25006A0786AA3F034F8FA741AC5859097","132B7C62300DBD6EDAFC6533E50B59C25006A0786AA3F034F8FA741AC5859097","False"
"Assets/DystopiaPrototype/Art/Customers/MaleCustomer_26.png.meta","5F8D1094ED416202E7A699A9A8F8922E16E3F7314A72A0A333B9641CF572D5CA","5F8D1094ED416202E7A699A9A8F8922E16E3F7314A72A0A333B9641CF572D5CA","False"
"Assets/DystopiaPrototype/Art/Customers/MaleCustomer_28.png","0F4C2DDAB7B9503CAB6FD96CDEF157175B92D6514FF9541A022F5D028393742B","0F4C2DDAB7B9503CAB6FD96CDEF157175B92D6514FF9541A022F5D028393742B","False"
"Assets/DystopiaPrototype/Art/Customers/MaleCustomer_28.png.meta","7606A97FC4C8F5D1E1A36A93A6F812E96F8695A3AA45A4B3355D3331717B12EC","7606A97FC4C8F5D1E1A36A93A6F812E96F8695A3AA45A4B3355D3331717B12EC","False"
"Assets/DystopiaPrototype/Art/Customers/MaleCustomer_29.png","A8C7CA89FE613F546E61E120DEBAB8C36BD6181642CE24137A019D58847F9709","A8C7CA89FE613F546E61E120DEBAB8C36BD6181642CE24137A019D58847F9709","False"
"Assets/DystopiaPrototype/Art/Customers/MaleCustomer_29.png.meta","D2E9D02DD9A3EB5DE8F644AA5606DD560FD05BB2CAA3483FBFC0E64D224ED43C","D2E9D02DD9A3EB5DE8F644AA5606DD560FD05BB2CAA3483FBFC0E64D224ED43C","False"
"Assets/DystopiaPrototype/Art/TimeOfDay/CityLights.mat","74BC5D2317AAFA766CD30DE605AF505948E4D6034C5DF6ECC7ABEFA75372805C","74BC5D2317AAFA766CD30DE605AF505948E4D6034C5DF6ECC7ABEFA75372805C","False"
"Assets/DystopiaPrototype/Art/TimeOfDay/CityLights.mat.meta","E8CBEAF08479FB3776FF8A06C5D36C685F9B3ADDA8859B5220D803A3787C390E","E8CBEAF08479FB3776FF8A06C5D36C685F9B3ADDA8859B5220D803A3787C390E","False"
"Assets/DystopiaPrototype/Art/TimeOfDay/CityLights.png","61B8A541E207C6E5457822243D2F60C12B1E4A9BD75462386956D258A7B52A90","61B8A541E207C6E5457822243D2F60C12B1E4A9BD75462386956D258A7B52A90","False"
"Assets/DystopiaPrototype/Art/TimeOfDay/CityLights.png.meta","433AAE6AEC36621741382F8C658C4191D383C6356F0D1BDEEDF9907FF0E58B7A","433AAE6AEC36621741382F8C658C4191D383C6356F0D1BDEEDF9907FF0E58B7A","False"
"Assets/DystopiaPrototype/Art/TimeOfDay/CityLights.shader","AACCEF5CE9134E387A446150EF3004555C20D9C05877387577063D667123A778","AACCEF5CE9134E387A446150EF3004555C20D9C05877387577063D667123A778","False"
"Assets/DystopiaPrototype/Art/TimeOfDay/CityLights.shader.meta","9F83A75BED87A005A4A5AC282EB389A365EEC11B87E53528976A8A8AEDA332F5","9F83A75BED87A005A4A5AC282EB389A365EEC11B87E53528976A8A8AEDA332F5","False"
"Assets/DystopiaPrototype/Art/TimeOfDay/CounterLight.png","A9E334A6468815F8B4872DB2AA4B610FDC96318AEE53BE06D27CCCA2516BD6CC","A9E334A6468815F8B4872DB2AA4B610FDC96318AEE53BE06D27CCCA2516BD6CC","False"
"Assets/DystopiaPrototype/Art/TimeOfDay/CounterLight.png.meta","54F670E9AC061F97868173AD90FB5DD34576528862E85C681CA835EE16A243CF","54F670E9AC061F97868173AD90FB5DD34576528862E85C681CA835EE16A243CF","False"
"Assets/DystopiaPrototype/Art/TimeOfDay/Dawn.png","EFAA950BA8AE67631E9877A31385CEFE533CDEEB51A0564DF437F4E34E2638F9","EFAA950BA8AE67631E9877A31385CEFE533CDEEB51A0564DF437F4E34E2638F9","False"
"Assets/DystopiaPrototype/Art/TimeOfDay/Dawn.png.meta","B682E3FC58C373863471AD204CE749A6289F7E6D2365A81E808E632BAEB1F277","B682E3FC58C373863471AD204CE749A6289F7E6D2365A81E808E632BAEB1F277","False"
"Assets/DystopiaPrototype/Art/TimeOfDay/Evening.png","576419523D95823D77EAE872D896C09A35E7248F96578D123CF17B36B645B463","576419523D95823D77EAE872D896C09A35E7248F96578D123CF17B36B645B463","False"
"Assets/DystopiaPrototype/Art/TimeOfDay/Evening.png.meta","8BB5DCF0844A03C79C6B46F8E577F7922A552D17BD3DA09A30886787546A38CF","8BB5DCF0844A03C79C6B46F8E577F7922A552D17BD3DA09A30886787546A38CF","False"
"Assets/DystopiaPrototype/Art/TimeOfDay/PixelStageLighting.shader","517E79DF514ABFF0CCA05D41FEF0A295CDEA5DCB9DEC45178ACB4FBCECDE3D9B","517E79DF514ABFF0CCA05D41FEF0A295CDEA5DCB9DEC45178ACB4FBCECDE3D9B","False"
"Assets/DystopiaPrototype/Art/TimeOfDay/PixelStageLighting.shader.meta","49CC37F013AFD55C2DD9F9B2F6D19CB100B5E6A6409514E3A543C560862B1875","49CC37F013AFD55C2DD9F9B2F6D19CB100B5E6A6409514E3A543C560862B1875","False"
"Assets/DystopiaPrototype/Art/TimeOfDay/Searchlight.png","4F4FAE0858B09E5B8D38186BC06B443A9B807040E4771073654D55379403B5E3","4F4FAE0858B09E5B8D38186BC06B443A9B807040E4771073654D55379403B5E3","False"
"Assets/DystopiaPrototype/Art/TimeOfDay/Searchlight.png.meta","44D8B3899902415C8A48F74CF5D9CA00D02F42B201EA1B5ADA813061AEB6A6E1","44D8B3899902415C8A48F74CF5D9CA00D02F42B201EA1B5ADA813061AEB6A6E1","False"
"Assets/DystopiaPrototype/Art/TimeOfDay/Sunset.png","8C9A9924B6615FA359BD95920E487BC15FC8B272B9C48F3D48AC1B801E410631","8C9A9924B6615FA359BD95920E487BC15FC8B272B9C48F3D48AC1B801E410631","False"
"Assets/DystopiaPrototype/Art/TimeOfDay/Sunset.png.meta","83F1BB0970E3920046E428B32FABA06E0D834A48C7010926D515680BE6B64EE1","83F1BB0970E3920046E428B32FABA06E0D834A48C7010926D515680BE6B64EE1","False"
"Assets/DystopiaPrototype/Art/TimeOfDay/SunsetClouded.png","555C6EF42E1982E9596291AEAB1E716F0A30DC77DB0628D131C1816FF60BC3D0","555C6EF42E1982E9596291AEAB1E716F0A30DC77DB0628D131C1816FF60BC3D0","False"
"Assets/DystopiaPrototype/Art/TimeOfDay/SunsetClouded.png.meta","90F031670F4EEC856DAAC278436CB98334081EAD8B5E88AC06BFDA29AF4C9E5A","90F031670F4EEC856DAAC278436CB98334081EAD8B5E88AC06BFDA29AF4C9E5A","False"
"Assets/DystopiaPrototype/Editor/DystopiaPlayVerification.cs","9A0ACD56236AE422F4AB73F3CD8C4365225C9E42CFF7392A93A1DECB3EC09897","9A0ACD56236AE422F4AB73F3CD8C4365225C9E42CFF7392A93A1DECB3EC09897","False"
"Assets/DystopiaPrototype/Editor/DystopiaPlayVerification.cs.meta","431725D7DBAF15638D470056F766A3C76DFD7BD40957FCC1C19D2CC67E8569DF","431725D7DBAF15638D470056F766A3C76DFD7BD40957FCC1C19D2CC67E8569DF","False"
"Assets/DystopiaPrototype/Editor/DystopiaTools.cs","FB49D5F5D6EF73A165C10DDDD8A380D019074F6DD1080522D0D4D3B74EB9F596","FB49D5F5D6EF73A165C10DDDD8A380D019074F6DD1080522D0D4D3B74EB9F596","False"
"Assets/DystopiaPrototype/Editor/DystopiaTools.cs.meta","310813677C60585B450B9AC101655C55AB7542016EF5422085627E0A698913CE","310813677C60585B450B9AC101655C55AB7542016EF5422085627E0A698913CE","False"
"Assets/DystopiaPrototype/Editor/DystopiaValidation.cs","B3EB77BC24EE963706BE0AFCBC45A9E6B51F52FD49E9CCA52BFE6CB33EAB9F9D","B3EB77BC24EE963706BE0AFCBC45A9E6B51F52FD49E9CCA52BFE6CB33EAB9F9D","False"
"Assets/DystopiaPrototype/Editor/DystopiaValidation.cs.meta","AAA39C6C57390B91457ED685C72570465ADE129CFC962F2218BA8B19A83DB66E","AAA39C6C57390B91457ED685C72570465ADE129CFC962F2218BA8B19A83DB66E","False"
"Assets/DystopiaPrototype/Prefabs/CheckoutUI.prefab","082D0EAD54E291B7D78261C58A966D900A9AFDB5A6D9D766DA5F62ABAD6B9361","082D0EAD54E291B7D78261C58A966D900A9AFDB5A6D9D766DA5F62ABAD6B9361","False"
"Assets/DystopiaPrototype/Prefabs/CheckoutUI.prefab.meta","F4E27BDC434A326DF55EDBE988DCB2FBE4DC75842727AB8024B7558C174900D0","F4E27BDC434A326DF55EDBE988DCB2FBE4DC75842727AB8024B7558C174900D0","False"
"Assets/DystopiaPrototype/Prefabs/FrontView.prefab","AC2ADFFE978EF14ACB6257F826E3F4C113EA3311F09E1F2D827DF68C52EB5F8C","CB52806E8D831D831FD50F42BB0EB2E93E0F36AFB59E883B7E41947B52C97EDC","True"
"Assets/DystopiaPrototype/Prefabs/FrontView.prefab.meta","1118C64B7C91E1E0934BACAB80CDF7D1B6D445578B0BB08EDFBF0789033C9789","1118C64B7C91E1E0934BACAB80CDF7D1B6D445578B0BB08EDFBF0789033C9789","False"
"Assets/DystopiaPrototype/Prefabs/InspectorPortrait.prefab","E8CD992149E74114B03DE71A61498D18D2855483408D8D8104F9A0D9D9695B74","E8CD992149E74114B03DE71A61498D18D2855483408D8D8104F9A0D9D9695B74","False"
"Assets/DystopiaPrototype/Prefabs/InspectorPortrait.prefab.meta","396BCAE9B543095C8B47F1AA27A29756D3AE93651CC8D1525B0DE58FA70701E9","396BCAE9B543095C8B47F1AA27A29756D3AE93651CC8D1525B0DE58FA70701E9","False"
"Assets/DystopiaPrototype/Prefabs/Product0.prefab","7A9C3EBDE74644E2F1D6C224727D2FB10A8F63CA26E05450914E2F15C67C845D","7A9C3EBDE74644E2F1D6C224727D2FB10A8F63CA26E05450914E2F15C67C845D","False"
"Assets/DystopiaPrototype/Prefabs/Product0.prefab.meta","119F458320BA8D3E3094E582E62316DEC6F2008CD191BFC3DECD49909D244F55","119F458320BA8D3E3094E582E62316DEC6F2008CD191BFC3DECD49909D244F55","False"
"Assets/DystopiaPrototype/Prefabs/Product1.prefab","3CB8BD8CA548A75638B461D6DFEC8919A8F1679286BCB6D284ADFC0041CB22EC","3CB8BD8CA548A75638B461D6DFEC8919A8F1679286BCB6D284ADFC0041CB22EC","False"
"Assets/DystopiaPrototype/Prefabs/Product1.prefab.meta","FD7BC7BFD41B7DE344E3B57B41580A99BF6AA1991F89910D4FE9EE0338CEA3F1","FD7BC7BFD41B7DE344E3B57B41580A99BF6AA1991F89910D4FE9EE0338CEA3F1","False"
"Assets/DystopiaPrototype/Prefabs/Product2.prefab","A7A452BA5D32FF5700629149BA3CB9886793E4B513EFC8BDD24DE4C381F06C3D","A7A452BA5D32FF5700629149BA3CB9886793E4B513EFC8BDD24DE4C381F06C3D","False"
"Assets/DystopiaPrototype/Prefabs/Product2.prefab.meta","65FEE9CED07EE6E7113E636404A7EB0CF6929E121D1DD98ACC98234B3B01487E","65FEE9CED07EE6E7113E636404A7EB0CF6929E121D1DD98ACC98234B3B01487E","False"
"Assets/DystopiaPrototype/Prefabs/Product3.prefab","D943139672512FFC694C70FD974B7056AB67D0F27B863E6C0CF0C36A12805F78","D943139672512FFC694C70FD974B7056AB67D0F27B863E6C0CF0C36A12805F78","False"
"Assets/DystopiaPrototype/Prefabs/Product3.prefab.meta","2C2617C7989361570213F1F9B9C233F49BE53F0A037A242912D09DE367324642","2C2617C7989361570213F1F9B9C233F49BE53F0A037A242912D09DE367324642","False"
"Assets/DystopiaPrototype/Prefabs/UiSlice0.asset","C49423C04D929279027E4AEE1A5DCC0E91563001A98D3CDB1EDD7D3E0E933D65","C49423C04D929279027E4AEE1A5DCC0E91563001A98D3CDB1EDD7D3E0E933D65","False"
"Assets/DystopiaPrototype/Prefabs/UiSlice0.asset.meta","3966370AD3B8F04395013FDEDEE2B5C8CA8DB96796B0796CF21713E2A3094DE8","3966370AD3B8F04395013FDEDEE2B5C8CA8DB96796B0796CF21713E2A3094DE8","False"
"Assets/DystopiaPrototype/Prefabs/UiSlice1.asset","1364A05C74EF4AE65EAF8C388BEB16B3226280C58BAFCA36496AA809FA8343AA","1364A05C74EF4AE65EAF8C388BEB16B3226280C58BAFCA36496AA809FA8343AA","False"
"Assets/DystopiaPrototype/Prefabs/UiSlice1.asset.meta","C44B2970D3F6338708ADD81D0CDE3C973C752386E15D23EF825790EA52C68A9E","C44B2970D3F6338708ADD81D0CDE3C973C752386E15D23EF825790EA52C68A9E","False"
"Assets/DystopiaPrototype/Prefabs/UiSlice10.asset","9889DDA27793F65E8F306FF62561C3B44B221EDC815CB44E318EE6552D12A4B5","9889DDA27793F65E8F306FF62561C3B44B221EDC815CB44E318EE6552D12A4B5","False"
"Assets/DystopiaPrototype/Prefabs/UiSlice10.asset.meta","572389B620C505A81A700804526B4B09FDBF801BF7AB625D2CA5BD3EB66B395C","572389B620C505A81A700804526B4B09FDBF801BF7AB625D2CA5BD3EB66B395C","False"
"Assets/DystopiaPrototype/Prefabs/UiSlice11.asset","6175BA24B9351A6CAA0582FE8B976EE4F0BB064EF21FA1D04A7A91D44E5ED9EB","6175BA24B9351A6CAA0582FE8B976EE4F0BB064EF21FA1D04A7A91D44E5ED9EB","False"
"Assets/DystopiaPrototype/Prefabs/UiSlice11.asset.meta","FAA6F2E6DDAE554FBF485062AD508D9DAEA8369A8EFA536583BF107D642447FD","FAA6F2E6DDAE554FBF485062AD508D9DAEA8369A8EFA536583BF107D642447FD","False"
"Assets/DystopiaPrototype/Prefabs/UiSlice12.asset","C5449520C0C457B9B63C8569B571D62CF8A22427C85D7940588E0817F9BEB4B0","C5449520C0C457B9B63C8569B571D62CF8A22427C85D7940588E0817F9BEB4B0","False"
"Assets/DystopiaPrototype/Prefabs/UiSlice12.asset.meta","109F2FBC21E8EF3B4FD492E702D6CA32105F788C9A4177C77EB690535552DA2A","109F2FBC21E8EF3B4FD492E702D6CA32105F788C9A4177C77EB690535552DA2A","False"
"Assets/DystopiaPrototype/Prefabs/UiSlice13.asset","FADDDF3F1656DC39D16B3145759E1A24E140FA67C43130985839BDBB96C65399","FADDDF3F1656DC39D16B3145759E1A24E140FA67C43130985839BDBB96C65399","False"
"Assets/DystopiaPrototype/Prefabs/UiSlice13.asset.meta","3A91D9CAEA1746EF722323F6302B0F73C7EDEDBA18EF6295E6543372D14A05D3","3A91D9CAEA1746EF722323F6302B0F73C7EDEDBA18EF6295E6543372D14A05D3","False"
"Assets/DystopiaPrototype/Prefabs/UiSlice14.asset","4431D3185B0ADD326EC4D3779B782879AB1547ECE9709F7A3935AAC6CBFF1713","4431D3185B0ADD326EC4D3779B782879AB1547ECE9709F7A3935AAC6CBFF1713","False"
"Assets/DystopiaPrototype/Prefabs/UiSlice14.asset.meta","20C13C90DD8E24117A4E91AB8534FA26667989F35DBE0241DDF17F6CB73CAD49","20C13C90DD8E24117A4E91AB8534FA26667989F35DBE0241DDF17F6CB73CAD49","False"
"Assets/DystopiaPrototype/Prefabs/UiSlice2.asset","E3DD67D65542DAA8ABBD6575C11411E96C11A51046B453F28E7D63E7537B519A","E3DD67D65542DAA8ABBD6575C11411E96C11A51046B453F28E7D63E7537B519A","False"
"Assets/DystopiaPrototype/Prefabs/UiSlice2.asset.meta","F89CC91D7DB8D352F8804664003E012589E0812C6202525CB0351B8CE1827987","F89CC91D7DB8D352F8804664003E012589E0812C6202525CB0351B8CE1827987","False"
"Assets/DystopiaPrototype/Prefabs/UiSlice3.asset","F0956C67668E552B2A527D7AD411909789759DBC54C4F2F69908D322EA77668E","F0956C67668E552B2A527D7AD411909789759DBC54C4F2F69908D322EA77668E","False"
"Assets/DystopiaPrototype/Prefabs/UiSlice3.asset.meta","5768B52B7CE94C14B16F03A931F9EF1F684ADBAC89230E56F17AB87240CF4BA1","5768B52B7CE94C14B16F03A931F9EF1F684ADBAC89230E56F17AB87240CF4BA1","False"
"Assets/DystopiaPrototype/Prefabs/UiSlice4.asset","5D5A7568FD0EEEE226DA0D85E601787F75CABAD4C420516644DB305E0EEC6850","5D5A7568FD0EEEE226DA0D85E601787F75CABAD4C420516644DB305E0EEC6850","False"
"Assets/DystopiaPrototype/Prefabs/UiSlice4.asset.meta","5452B213CA978EC2EF190D8E16D4894FCE1A870E51208D890F8B6ABCCF39B494","5452B213CA978EC2EF190D8E16D4894FCE1A870E51208D890F8B6ABCCF39B494","False"
"Assets/DystopiaPrototype/Prefabs/UiSlice5.asset","1010E5432A5E12E6E4E72BFEDA58856B03F33ECB142F15FB0020F179417DCA19","1010E5432A5E12E6E4E72BFEDA58856B03F33ECB142F15FB0020F179417DCA19","False"
"Assets/DystopiaPrototype/Prefabs/UiSlice5.asset.meta","11374539221B6F123A9371BAEA4DFE8D844675F0D2B6A931BFD815198895D491","11374539221B6F123A9371BAEA4DFE8D844675F0D2B6A931BFD815198895D491","False"
"Assets/DystopiaPrototype/Prefabs/UiSlice6.asset","0D41BA37B57D478175C6B171918193EBAD8D9449E9DFA9A73F83D3EB76709982","0D41BA37B57D478175C6B171918193EBAD8D9449E9DFA9A73F83D3EB76709982","False"
"Assets/DystopiaPrototype/Prefabs/UiSlice6.asset.meta","F950551332E53C1866BE237B70EDEBCD487D3EE6A4C56B1E466E2CE887A40821","F950551332E53C1866BE237B70EDEBCD487D3EE6A4C56B1E466E2CE887A40821","False"
"Assets/DystopiaPrototype/Prefabs/UiSlice7.asset","3643531D3F665ECA1942CA1E33D5A578C59557B3CC1F403C74924F9A2647CEF5","3643531D3F665ECA1942CA1E33D5A578C59557B3CC1F403C74924F9A2647CEF5","False"
"Assets/DystopiaPrototype/Prefabs/UiSlice7.asset.meta","658E8623FD7D22DE5EFE2E40C8A37A8398E627439222DE051E7566FADAD33433","658E8623FD7D22DE5EFE2E40C8A37A8398E627439222DE051E7566FADAD33433","False"
"Assets/DystopiaPrototype/Prefabs/UiSlice8.asset","DE67A258DD4EBBF3332D5C2AC4B80940D6217D26FF2A7AF7CBD20BAD9EBD7CC1","DE67A258DD4EBBF3332D5C2AC4B80940D6217D26FF2A7AF7CBD20BAD9EBD7CC1","False"
"Assets/DystopiaPrototype/Prefabs/UiSlice8.asset.meta","BD3718CB26CE34D807BA2863FE94FB94CB8E3D1DFAB0A69EBF719AB338E4431E","BD3718CB26CE34D807BA2863FE94FB94CB8E3D1DFAB0A69EBF719AB338E4431E","False"
"Assets/DystopiaPrototype/Prefabs/UiSlice9.asset","E4A5F2FAB43569D279A0CB6A0EA7D4F187D475A4C0CF6E3D983B0187F0A910B9","E4A5F2FAB43569D279A0CB6A0EA7D4F187D475A4C0CF6E3D983B0187F0A910B9","False"
"Assets/DystopiaPrototype/Prefabs/UiSlice9.asset.meta","5129C4807CEB21D0CEB8EFB5154E8DBC91050ED1C56626943F6BC603F0234F10","5129C4807CEB21D0CEB8EFB5154E8DBC91050ED1C56626943F6BC603F0234F10","False"
"Assets/DystopiaPrototype/Prefabs/Workbench.prefab","47F440072424A9CA7E1D48F5B2508A7CA706A692C76A5170454EE9B8BA6164BA","47F440072424A9CA7E1D48F5B2508A7CA706A692C76A5170454EE9B8BA6164BA","False"
"Assets/DystopiaPrototype/Prefabs/Workbench.prefab.meta","5B4BB726AD3D529AEF09B0E0D74F8D0C120D0A2C51F55DF3334D641F8B9FD6B3","5B4BB726AD3D529AEF09B0E0D74F8D0C120D0A2C51F55DF3334D641F8B9FD6B3","False"
"Assets/DystopiaPrototype/Scenes/DystopiaVerticalSlice.unity","D51BCE5FD5C4440CFC1194DF0F0902F2E25B603B4BF49DFF5AE185047AFF5EE4","5503562EEB842BB71EA219670E483D6EB33F065FB749B82FA73FAB9502F6F264","True"
"Assets/DystopiaPrototype/Scenes/DystopiaVerticalSlice.unity.meta","E6AFE93F9DCBD9F678E7D46CB9EDB923F0FC1988AE3F06BEB54597C43FC801E0","E6AFE93F9DCBD9F678E7D46CB9EDB923F0FC1988AE3F06BEB54597C43FC801E0","False"
"Assets/DystopiaPrototype/Scripts/DystopiaCrowdImage.cs","DF116EAC07A5AFFC517AFBFAAEA58B5A3DAFDB0AACBBF6FF419EA3AC1A623880","DF116EAC07A5AFFC517AFBFAAEA58B5A3DAFDB0AACBBF6FF419EA3AC1A623880","False"
"Assets/DystopiaPrototype/Scripts/DystopiaCrowdImage.cs.meta","D2D7BADA6321285DB2931B61DD44DD3075864B425AAD6D78DED656F082F2CA18","D2D7BADA6321285DB2931B61DD44DD3075864B425AAD6D78DED656F082F2CA18","False"
"Assets/DystopiaPrototype/Scripts/DystopiaDayNight.cs","7C83FC83893F184502BD0C3D1AAFF3A25C7FBAB1F63C90040800B449DDD951E6","7C83FC83893F184502BD0C3D1AAFF3A25C7FBAB1F63C90040800B449DDD951E6","False"
"Assets/DystopiaPrototype/Scripts/DystopiaDayNight.cs.meta","5E3E8189A0089B2FADDB28AE00A0D287DB178B2DFCCBDD1D75A602C77BC6D85C","5E3E8189A0089B2FADDB28AE00A0D287DB178B2DFCCBDD1D75A602C77BC6D85C","False"
"Assets/DystopiaPrototype/Scripts/DystopiaInspectorPortrait.cs","556D58375CDADCE4D6CC14ECC47419D63E5C851B17ED71D78E16BB8E42B6FCE4","556D58375CDADCE4D6CC14ECC47419D63E5C851B17ED71D78E16BB8E42B6FCE4","False"
"Assets/DystopiaPrototype/Scripts/DystopiaInspectorPortrait.cs.meta","F5806DE670500665E98E2E19C514B89DB8A730F277E80F2E3AB86C55B50BD055","F5806DE670500665E98E2E19C514B89DB8A730F277E80F2E3AB86C55B50BD055","False"
"Assets/DystopiaPrototype/Scripts/DystopiaPixelSource.cs","912C99AD3AE9254C05A46D20075DFE5584B6C4E81E73F8ACE680CEF5A52944FF","912C99AD3AE9254C05A46D20075DFE5584B6C4E81E73F8ACE680CEF5A52944FF","False"
"Assets/DystopiaPrototype/Scripts/DystopiaPixelSource.cs.meta","AD4F65B06CDCB03F61A6EFA863275364DBE716B0D3B49473543119586F5FB25C","AD4F65B06CDCB03F61A6EFA863275364DBE716B0D3B49473543119586F5FB25C","False"
"Assets/DystopiaPrototype/Scripts/DystopiaPixelStage.cs","7AC93EEB147493479B19F11FD4A2FF53338600123F8A503B31C75E40FEC6B8C3","7AC93EEB147493479B19F11FD4A2FF53338600123F8A503B31C75E40FEC6B8C3","False"
"Assets/DystopiaPrototype/Scripts/DystopiaPixelStage.cs.meta","1E61D410B6E87798D972DC5F1AEC4594D54F112CDC95D4418299EE853DA3807B","1E61D410B6E87798D972DC5F1AEC4594D54F112CDC95D4418299EE853DA3807B","False"
"Assets/DystopiaPrototype/Scripts/DystopiaSceneBindings.cs","1BA51A427A7DF15D3A490D6E1E5B3F6D01782E773C7A210A481460C3C10B15F7","1BA51A427A7DF15D3A490D6E1E5B3F6D01782E773C7A210A481460C3C10B15F7","False"
"Assets/DystopiaPrototype/Scripts/DystopiaSceneBindings.cs.meta","020D90C6870C204EB27C89698981D7A3EA4E0ACDDEB48BE4BBABBB7BA47D7D42","020D90C6870C204EB27C89698981D7A3EA4E0ACDDEB48BE4BBABBB7BA47D7D42","False"
"Assets/DystopiaPrototype/Scripts/DystopiaScreen.cs","92E4442720B5EE5939B14D0C3EEC296ADAFCA483F8729DD72E17D8BEBD02C24F","92E4442720B5EE5939B14D0C3EEC296ADAFCA483F8729DD72E17D8BEBD02C24F","False"
"Assets/DystopiaPrototype/Scripts/DystopiaScreen.cs.meta","141A5FF26F3B6AF66EAC94D98858CC7A84F42C2D8E90806FB859757618AD1491","141A5FF26F3B6AF66EAC94D98858CC7A84F42C2D8E90806FB859757618AD1491","False"
"Assets/DystopiaPrototype/Scripts/DystopiaSession.cs","AB02DB039A909D01EE58CDA3FE84DFD471150E122B0FAC9C9C0FCB28DA047F3C","AB02DB039A909D01EE58CDA3FE84DFD471150E122B0FAC9C9C0FCB28DA047F3C","False"
"Assets/DystopiaPrototype/Scripts/DystopiaSession.cs.meta","11E5680578EDFA17F3CE314AA5A78FAD84D7DA95D1254A6CEEE1BB7DC283A6BE","11E5680578EDFA17F3CE314AA5A78FAD84D7DA95D1254A6CEEE1BB7DC283A6BE","False"
"Assets/DystopiaPrototype/TopDownTest/Art.meta","A2E5C2C06F5E04A1BE6ABC73E542BAD15755F267136EFE85F7BA711729A8F7CA","A2E5C2C06F5E04A1BE6ABC73E542BAD15755F267136EFE85F7BA711729A8F7CA","False"
"Assets/DystopiaPrototype/TopDownTest/Editor.meta","3C1C5F9C969F72C88672072D5B15849FF1CB62A7AD4EF87A6BFE13CA4F2E31EA","3C1C5F9C969F72C88672072D5B15849FF1CB62A7AD4EF87A6BFE13CA4F2E31EA","False"
"Assets/DystopiaPrototype/TopDownTest/Evidence.meta","46C8857B1707AF5FF029F72311295921CC32809BCA753F8CCE36B405A4E13CA8","46C8857B1707AF5FF029F72311295921CC32809BCA753F8CCE36B405A4E13CA8","False"
"Assets/DystopiaPrototype/TopDownTest/Scenes.meta","BF9B6453217654933E6D8E9817C6CDF07AA70DA27DA968476F58BD92FD52CE00","BF9B6453217654933E6D8E9817C6CDF07AA70DA27DA968476F58BD92FD52CE00","False"
"Assets/DystopiaPrototype/TopDownTest/Scripts.meta","E854372278A7CC2EC5C18CA1DF4F61AED9701301C7455E0ED335DBBAEF3AF4B8","E854372278A7CC2EC5C18CA1DF4F61AED9701301C7455E0ED335DBBAEF3AF4B8","False"
"Assets/DystopiaPrototype/TopDownTest/Art/Calculator.png","59A5A5B72703F129ADB6679F8B0887DDC2A979022B09F450ED757E0CBE0CF84B","59A5A5B72703F129ADB6679F8B0887DDC2A979022B09F450ED757E0CBE0CF84B","False"
"Assets/DystopiaPrototype/TopDownTest/Art/Calculator.png.meta","1677F54C11DA497A98615B60D1F52C083D765BDB2C081828D39C0F01FD4BB845","1677F54C11DA497A98615B60D1F52C083D765BDB2C081828D39C0F01FD4BB845","False"
"Assets/DystopiaPrototype/TopDownTest/Art/CalculatorToggle.png","F38B1F81F00B16FD5931BC4B92D05C18E94A590CBFFA965D4A527E60031967B7","F38B1F81F00B16FD5931BC4B92D05C18E94A590CBFFA965D4A527E60031967B7","False"
"Assets/DystopiaPrototype/TopDownTest/Art/CalculatorToggle.png.meta","3EB797A7E2C9E002BD56FB6F6A755F55472B4BEA04095B6AB9F5EC27EB355304","3EB797A7E2C9E002BD56FB6F6A755F55472B4BEA04095B6AB9F5EC27EB355304","False"
"Assets/DystopiaPrototype/TopDownTest/Art/CounterClock.png","2D34A1D805C6BA5E0C6F9A1A3D595741AD3FA291733EF6255D40C5732F05934C","2D34A1D805C6BA5E0C6F9A1A3D595741AD3FA291733EF6255D40C5732F05934C","False"
"Assets/DystopiaPrototype/TopDownTest/Art/CounterClock.png.meta","5B6113554F8A507838A88D91ED585366CEAB49736BECACF46CC36774CC307033","5B6113554F8A507838A88D91ED585366CEAB49736BECACF46CC36774CC307033","False"
"Assets/DystopiaPrototype/TopDownTest/Art/CounterClockUpdated.png","08ED56D620718EF0B91C11B8A04991474F3F23409A65DDBAE6D49449139C3027","08ED56D620718EF0B91C11B8A04991474F3F23409A65DDBAE6D49449139C3027","False"
"Assets/DystopiaPrototype/TopDownTest/Art/CounterClockUpdated.png.meta","6547F5E06C926B56DFC07DB058236E362EC8BAEBB40E71BAF367057E87D7AEF7","6547F5E06C926B56DFC07DB058236E362EC8BAEBB40E71BAF367057E87D7AEF7","False"
"Assets/DystopiaPrototype/TopDownTest/Art/DividerBar.png","1C29D0BBDD5D9312CF006978E52ACB14A43CB602B2E926FEE11B01311EB9AF9E","1C29D0BBDD5D9312CF006978E52ACB14A43CB602B2E926FEE11B01311EB9AF9E","False"
"Assets/DystopiaPrototype/TopDownTest/Art/DividerBar.png.meta","80B9DB1F5DC9186A74102F9E432E4B4AC42A496E3F0B6D14D572565304338175","80B9DB1F5DC9186A74102F9E432E4B4AC42A496E3F0B6D14D572565304338175","False"
"Assets/DystopiaPrototype/TopDownTest/Art/FrontContainerFemale.png","C75D727E39EF08078C2B6E1340B6E8BFDC1755028F035492F1523DD099400C3B","C75D727E39EF08078C2B6E1340B6E8BFDC1755028F035492F1523DD099400C3B","False"
"Assets/DystopiaPrototype/TopDownTest/Art/FrontContainerFemale.png.meta","03C72BD3816060651352A916CD84EAE050FAB9EEBCFCC40D99368039D6ABA34C","03C72BD3816060651352A916CD84EAE050FAB9EEBCFCC40D99368039D6ABA34C","False"
"Assets/DystopiaPrototype/TopDownTest/Art/FrontContainerMale.png","A62F31378BBBEDD6ABE60F1CF380E1E977BFAA07CD1C8279191D90D8018FFD60","A62F31378BBBEDD6ABE60F1CF380E1E977BFAA07CD1C8279191D90D8018FFD60","False"
"Assets/DystopiaPrototype/TopDownTest/Art/FrontContainerMale.png.meta","AF4AE873A1676A8947370DA9E97D32A87701E0732ACF024AA35C121CC85178AD","AF4AE873A1676A8947370DA9E97D32A87701E0732ACF024AA35C121CC85178AD","False"
"Assets/DystopiaPrototype/TopDownTest/Art/FrontContainerNormal.png","A56F345924C0D9CE348D81B219A5D9C6A17B2455FB10740B5205D743AFC1E822","A56F345924C0D9CE348D81B219A5D9C6A17B2455FB10740B5205D743AFC1E822","False"
"Assets/DystopiaPrototype/TopDownTest/Art/FrontContainerNormal.png.meta","58552CD710EE2BA064EDE0842E97B71704FFA5C8DF4861286EDF2F9553B43E0C","58552CD710EE2BA064EDE0842E97B71704FFA5C8DF4861286EDF2F9553B43E0C","False"
"Assets/DystopiaPrototype/TopDownTest/Art/TopDownCan.png","95445A163BAFA082EB406FEBD03952AC96018AD654168621299C1C2B18166899","95445A163BAFA082EB406FEBD03952AC96018AD654168621299C1C2B18166899","False"
"Assets/DystopiaPrototype/TopDownTest/Art/TopDownCan.png.meta","AD70030914A54EBCB940A2C0EB57DF5B3165D68B1ABC8217899B51CF6EDA17D8","AD70030914A54EBCB940A2C0EB57DF5B3165D68B1ABC8217899B51CF6EDA17D8","False"
"Assets/DystopiaPrototype/TopDownTest/Art/TopDownContainerEmpty.png","C75D727E39EF08078C2B6E1340B6E8BFDC1755028F035492F1523DD099400C3B","C75D727E39EF08078C2B6E1340B6E8BFDC1755028F035492F1523DD099400C3B","False"
"Assets/DystopiaPrototype/TopDownTest/Art/TopDownContainerEmpty.png.meta","0BCC86E26D2E2DBDE854F93D0D80F8EA85FD969CC0290D62CC0CD30BBC4AD4CC","0BCC86E26D2E2DBDE854F93D0D80F8EA85FD969CC0290D62CC0CD30BBC4AD4CC","False"
"Assets/DystopiaPrototype/TopDownTest/Art/TopDownContainerTilted.png","C75D727E39EF08078C2B6E1340B6E8BFDC1755028F035492F1523DD099400C3B","C75D727E39EF08078C2B6E1340B6E8BFDC1755028F035492F1523DD099400C3B","False"
"Assets/DystopiaPrototype/TopDownTest/Art/TopDownContainerTilted.png.meta","C47433A1F348E6DC0859DA81FC29A714795765448DE9431099D53EBF4D810332","C47433A1F348E6DC0859DA81FC29A714795765448DE9431099D53EBF4D810332","False"
"Assets/DystopiaPrototype/TopDownTest/Art/TopDownCrackers.png","E30400485F7C6A5D28F362C054CA310C6AA5D185193A26F849DF9E8C54FEAB37","E30400485F7C6A5D28F362C054CA310C6AA5D185193A26F849DF9E8C54FEAB37","False"
"Assets/DystopiaPrototype/TopDownTest/Art/TopDownCrackers.png.meta","27B73B169C072496F95AF7FAA3F285CBE76F790E3C61BCC9C95A2E4FE06193DA","27B73B169C072496F95AF7FAA3F285CBE76F790E3C61BCC9C95A2E4FE06193DA","False"
"Assets/DystopiaPrototype/TopDownTest/Art/TopDownRiceRound.png","FC175C48A3EE6D3377884502A13C9A0B7FC806F63F273F11674EAE5A18182294","FC175C48A3EE6D3377884502A13C9A0B7FC806F63F273F11674EAE5A18182294","False"
"Assets/DystopiaPrototype/TopDownTest/Art/TopDownRiceRound.png.meta","E8A2F747070EF1DADD11A686CF29594819AFBB442D89793FC148410F7C63AF9D","E8A2F747070EF1DADD11A686CF29594819AFBB442D89793FC148410F7C63AF9D","False"
"Assets/DystopiaPrototype/TopDownTest/Art/TopDownWater.png","DC95DE3B7AB4A3D4C58B50BA042B80466ACF0A07D80771A52385CFA6B7D909D6","DC95DE3B7AB4A3D4C58B50BA042B80466ACF0A07D80771A52385CFA6B7D909D6","False"
"Assets/DystopiaPrototype/TopDownTest/Art/TopDownWater.png.meta","BD1159394E9A22D2BF164D7D077E1783676E9484C36B20D5FD42BE26FC537B90","BD1159394E9A22D2BF164D7D077E1783676E9484C36B20D5FD42BE26FC537B90","False"
"Assets/DystopiaPrototype/TopDownTest/Art/TopDownWorkbench.png","23BF49AB25B8A99931B79F075DB2B4E42DB054923D7F0B4DD6BBCC70BDEB075D","23BF49AB25B8A99931B79F075DB2B4E42DB054923D7F0B4DD6BBCC70BDEB075D","False"
"Assets/DystopiaPrototype/TopDownTest/Art/TopDownWorkbench.png.meta","00DFB1E6C22C93D835F350B4A52A2C1FFD0EBA930DF87AC05F76AD01CCC59110","00DFB1E6C22C93D835F350B4A52A2C1FFD0EBA930DF87AC05F76AD01CCC59110","False"
"Assets/DystopiaPrototype/TopDownTest/Editor/DystopiaTopDownTestTools.cs","DE16DB805B657039452F6F3F67788550AC27A7D32EDF3CDC70FDF6929297A23F","DE16DB805B657039452F6F3F67788550AC27A7D32EDF3CDC70FDF6929297A23F","False"
"Assets/DystopiaPrototype/TopDownTest/Editor/DystopiaTopDownTestTools.cs.meta","BE947537446C0B5C5E470BA61274AE2A255B9006FCC0731AD579F405D0A80BD0","BE947537446C0B5C5E470BA61274AE2A255B9006FCC0731AD579F405D0A80BD0","False"
"Assets/DystopiaPrototype/TopDownTest/Evidence/IntegratedContainer.png","87DD41200AC1E9DCAD59C4F70D26423FE0E7D7C709B3F471D1413223821D5BD2","87DD41200AC1E9DCAD59C4F70D26423FE0E7D7C709B3F471D1413223821D5BD2","False"
"Assets/DystopiaPrototype/TopDownTest/Evidence/IntegratedContainer.png.meta","00A9337BC7C445810E90C4BD741683B83FA3FC8750DA113F8747E17C7D64058C","00A9337BC7C445810E90C4BD741683B83FA3FC8750DA113F8747E17C7D64058C","False"
"Assets/DystopiaPrototype/TopDownTest/Evidence/IntegratedTopDown.png","B01E516F88D23D965CAB23893584C6925FED69FB7501504F87D1059938522CCB","B01E516F88D23D965CAB23893584C6925FED69FB7501504F87D1059938522CCB","False"
"Assets/DystopiaPrototype/TopDownTest/Evidence/IntegratedTopDown.png.meta","85DAB1693E63BF1447FA6063994226D5205E6FAF438C65D5F2F590D814A2D586","85DAB1693E63BF1447FA6063994226D5205E6FAF438C65D5F2F590D814A2D586","False"
"Assets/DystopiaPrototype/TopDownTest/Scenes/DystopiaTopDownTest.unity","289138B8BBEDE6A9EC844F2526F75C5A7CC30B8865FA8B105B60581EFA07D941","289138B8BBEDE6A9EC844F2526F75C5A7CC30B8865FA8B105B60581EFA07D941","False"
"Assets/DystopiaPrototype/TopDownTest/Scenes/DystopiaTopDownTest.unity.meta","739A0ABD1F5458BEFCBE68CB8D95C2DB2FBDB0C8A8D079DC466942ED448121BE","739A0ABD1F5458BEFCBE68CB8D95C2DB2FBDB0C8A8D079DC466942ED448121BE","False"
"Assets/DystopiaPrototype/TopDownTest/Scripts/DividerBarController2D.cs","2C06D1C757220F5B96162CFFFBCDDE83C5CFB49D1DEB8B15568F368C7C274E6F","2C06D1C757220F5B96162CFFFBCDDE83C5CFB49D1DEB8B15568F368C7C274E6F","False"
"Assets/DystopiaPrototype/TopDownTest/Scripts/DividerBarController2D.cs.meta","8C5048316EA5451D3D624856C3D830C07F6F755CDB4DEDD8D90D695041BF8C53","8C5048316EA5451D3D624856C3D830C07F6F755CDB4DEDD8D90D695041BF8C53","False"
"Assets/DystopiaPrototype/TopDownTest/Scripts/DystopiaKeyFeedback.cs","D06BF6972AF77C46CA144835AEC4BF37406D706A490B0A7FB65219F567517A4F","D06BF6972AF77C46CA144835AEC4BF37406D706A490B0A7FB65219F567517A4F","False"
"Assets/DystopiaPrototype/TopDownTest/Scripts/DystopiaKeyFeedback.cs.meta","B731EA4A84852998090C670AF28267C034031B2FCF1A6482C41E9488119C4366","B731EA4A84852998090C670AF28267C034031B2FCF1A6482C41E9488119C4366","False"
"Assets/DystopiaPrototype/TopDownTest/Scripts/DystopiaTopDownItem.cs","5EA0984E2089E687F40ACBE39E0D963100563A8C5CFC47D34BFCCDCCE8F1FBF4","5EA0984E2089E687F40ACBE39E0D963100563A8C5CFC47D34BFCCDCCE8F1FBF4","False"
"Assets/DystopiaPrototype/TopDownTest/Scripts/DystopiaTopDownItem.cs.meta","D042774A452685944EC9E04FD8603C40A75ED2DF1C0217A9C430062A77DE128D","D042774A452685944EC9E04FD8603C40A75ED2DF1C0217A9C430062A77DE128D","False"
"Assets/DystopiaPrototype/TopDownTest/Scripts/DystopiaTopDownTest.cs","51484EA7861E4C766054077A9EA6F031ACC3466FCD1F1D6270088748519CC9F3","51484EA7861E4C766054077A9EA6F031ACC3466FCD1F1D6270088748519CC9F3","False"
"Assets/DystopiaPrototype/TopDownTest/Scripts/DystopiaTopDownTest.cs.meta","BE59394BE36EEA41A7A3A66232AAC6032BAFBE3040BDE78647279D47F9061677","BE59394BE36EEA41A7A3A66232AAC6032BAFBE3040BDE78647279D47F9061677","False"
