idx,asset,guid,address,group
4201,Assets/Textures/Customer/Dystopia/FemaleCustomer_01.png,9930d448619de9644a5ea559eb930d94,FemaleCustomer_01,Default Local Group
4202,Assets/Textures/Customer/Dystopia/FemaleCustomer_02.png,f336d01037b164f44a3997f22992a283,FemaleCustomer_02,Default Local Group
4203,Assets/Textures/Customer/Dystopia/FemaleCustomer_03.png,6e1b9e4508417454f86c02eb3dd2bbec,FemaleCustomer_03,Default Local Group
4204,Assets/Textures/Customer/Dystopia/FemaleCustomer_04.png,8904d7773a19a5d42ab9d4e4b1ea36ca,FemaleCustomer_04,Default Local Group
4205,Assets/Textures/Customer/Dystopia/FemaleCustomer_05.png,4e149cc37bfff9644a44babe05b7b88c,FemaleCustomer_05,Default Local Group
4206,Assets/Textures/Customer/Dystopia/FemaleCustomer_06.png,b7b8cb9ca5ff26e42a464a4ba0058891,FemaleCustomer_06,Default Local Group
4207,Assets/Textures/Customer/Dystopia/FemaleCustomer_08.png,25881b47cdcfd934e93239e5b2412d8a,FemaleCustomer_08,Default Local Group
4208,Assets/Textures/Customer/Dystopia/FemaleCustomer_09.png,2f6c4c168e291a64396a805058fce46c,FemaleCustomer_09,Default Local Group
4209,Assets/Textures/Customer/Dystopia/FemaleCustomer_10.png,fdc08423a1c800041aaa79d87cc96653,FemaleCustomer_10,Default Local Group
4210,Assets/Textures/Customer/Dystopia/FemaleCustomer_11.png,e8ce579ccb334dd49943b3ef6e5082ce,FemaleCustomer_11,Default Local Group
4211,Assets/Textures/Customer/Dystopia/FemaleCustomer_12.png,eb6a8531aaefba9438ba4b0c5158f349,FemaleCustomer_12,Default Local Group
4212,Assets/Textures/Customer/Dystopia/FemaleCustomer_14.png,2f0f21ec8365a1545b3c90a7ffed9123,FemaleCustomer_14,Default Local Group
4213,Assets/Textures/Customer/Dystopia/FemaleCustomer_15.png,7a08912502535434e85a8eab2c2d2ef3,FemaleCustomer_15,Default Local Group
4214,Assets/Textures/Customer/Dystopia/FemaleCustomer_16.png,329a0285908e5da488c9ba998d5a3aae,FemaleCustomer_16,Default Local Group
4215,Assets/Textures/Customer/Dystopia/FemaleCustomer_17.png,4739399e9878f984f976fe1ed0c6156d,FemaleCustomer_17,Default Local Group
4216,Assets/Textures/Customer/Dystopia/FemaleCustomer_18.png,14ab0b7217ab9c742bd31717ca905bd9,FemaleCustomer_18,Default Local Group
4217,Assets/Textures/Customer/Dystopia/FemaleCustomer_19.png,9a7d774076c12a4438200579ff68dc14,FemaleCustomer_19,Default Local Group
4218,Assets/Textures/Customer/Dystopia/FemaleCustomer_20.png,bee944a4d8d823d43a937e21a8e294dc,FemaleCustomer_20,Default Local Group
4219,Assets/Textures/Customer/Dystopia/MaleCustomer_01.png,a8bd4b822856da54d9be2f54f3d89539,MaleCustomer_01,Default Local Group
4220,Assets/Textures/Customer/Dystopia/MaleCustomer_02.png,e10861ad08b6aad4eb546bf10f237645,MaleCustomer_02,Default Local Group
4221,Assets/Textures/Customer/Dystopia/MaleCustomer_03.png,48ae3115d65fb8a429fa535198d6df06,MaleCustomer_03,Default Local Group
4222,Assets/Textures/Customer/Dystopia/MaleCustomer_04.png,cdf61d5e5c701e749a6f8f719ec18e56,MaleCustomer_04,Default Local Group
4223,Assets/Textures/Customer/Dystopia/MaleCustomer_05.png,7a01e23991137bc44ba54fcb6d25c0d5,MaleCustomer_05,Default Local Group
4224,Assets/Textures/Customer/Dystopia/MaleCustomer_06.png,26aa52a5ef6a86f45b77d817c8abbb21,MaleCustomer_06,Default Local Group
4225,Assets/Textures/Customer/Dystopia/MaleCustomer_07.png,49ffa70261d891046a77d98588d1643d,MaleCustomer_07,Default Local Group
4226,Assets/Textures/Customer/Dystopia/MaleCustomer_08.png,eb6e0071d1aa8794faea4521e16d070a,MaleCustomer_08,Default Local Group
4227,Assets/Textures/Customer/Dystopia/MaleCustomer_09.png,afd0037dc50c78641a5006db2a372b9c,MaleCustomer_09,Default Local Group
4228,Assets/Textures/Customer/Dystopia/MaleCustomer_10.png,abf174aa4fc85314bbdce1bc0d2fbf59,MaleCustomer_10,Default Local Group
4229,Assets/Textures/Customer/Dystopia/MaleCustomer_12.png,5447c7f0fb9dd6b46ab2c7507290aaea,MaleCustomer_12,Default Local Group
4230,Assets/Textures/Customer/Dystopia/MaleCustomer_13.png,f4ba35f96e5a36847b733fab88f92da0,MaleCustomer_13,Default Local Group
4231,Assets/Textures/Customer/Dystopia/MaleCustomer_14.png,c2057b54573aa5645b83c45321c2da3f,MaleCustomer_14,Default Local Group
4232,Assets/Textures/Customer/Dystopia/MaleCustomer_15.png,38f7e3e9aea21c94a81f49ea9eee42f0,MaleCustomer_15,Default Local Group
4233,Assets/Textures/Customer/Dystopia/MaleCustomer_16.png,be3edae0c57c8e346a82ddfac04980af,MaleCustomer_16,Default Local Group
4234,Assets/Textures/Customer/Dystopia/MaleCustomer_17.png,9e2b29570b8865847bcd56f536fb49d8,MaleCustomer_17,Default Local Group
4235,Assets/Textures/Customer/Dystopia/MaleCustomer_18.png,29ffe5decbafc204bb11eb6b43a67f1a,MaleCustomer_18,Default Local Group
4236,Assets/Textures/Customer/Dystopia/MaleCustomer_19.png,2b5c4a08acc9fe9418891b5d0a638589,MaleCustomer_19,Default Local Group
4237,Assets/Textures/Customer/Dystopia/MaleCustomer_21.png,99f78c415f430054990d3ab3f9894fc2,MaleCustomer_21,Default Local Group
4238,Assets/Textures/Customer/Dystopia/MaleCustomer_22.png,be8794acfa1f89c4a86ddc3789683684,MaleCustomer_22,Default Local Group
4239,Assets/Textures/Customer/Dystopia/MaleCustomer_23.png,5950e40d5846fe14db1bd09e65bad894,MaleCustomer_23,Default Local Group
4240,Assets/Textures/Customer/Dystopia/MaleCustomer_24.png,17b7e3e757ebb804ea7addc9b6706963,MaleCustomer_24,Default Local Group
4241,Assets/Textures/Customer/Dystopia/MaleCustomer_25.png,9fecc3badd4b3834e9d8f09bc460a8ad,MaleCustomer_25,Default Local Group
4242,Assets/Textures/Customer/Dystopia/MaleCustomer_26.png,b726e68873bc756458effb1b3ba2bc0f,MaleCustomer_26,Default Local Group
4243,Assets/Textures/Customer/Dystopia/MaleCustomer_28.png,5f5a4bfe69f035b4e84904c4b48d3d8f,MaleCustomer_28,Default Local Group
4244,Assets/Textures/Customer/Dystopia/MaleCustomer_29.png,11b7352f9c6ef8f4b8903595b6df0453,MaleCustomer_29,Default Local Group
4245,Assets/Textures/Customer/Dystopia/MaleCustomer0.png,e1e77c5fa8c8af8448b4398a71584e05,MaleCustomer0,Default Local Group
4246,Assets/Textures/Products/Dystopia/Bandage.png,7e9bd439e754f4e4da12609d421d8857,Bandage,Default Local Group
4247,Assets/Textures/Products/Dystopia/Battery.png,28616b2c53126ac4b8fcc9db974d02ce,Battery,Default Local Group
4248,Assets/Textures/Products/Dystopia/Can.png,939e1d640a849aa44b7572f0e133adcd,Can,Default Local Group
4249,Assets/Textures/Products/Dystopia/Crackers.png,9ef624278740078429b0c85a73f06e76,Crackers,Default Local Group
4250,Assets/Textures/Products/Dystopia/Painkiller.png,c3740279e17b09c4d9a77ec3202b55cb,Painkiller,Default Local Group
4251,Assets/Textures/Products/Dystopia/TopDown/TopDownCan.png,c4bba592a3bca2d4b87b587901f2d9ba,TopDownCan,Default Local Group
4252,Assets/Textures/Products/Dystopia/TopDown/TopDownCrackers.png,66b72b5b3f7a5db419b44c2f084e12a5,TopDownCrackers,Default Local Group
4253,Assets/Textures/Products/Dystopia/TopDown/TopDownWater.png,2b3da9ff31cbe414aaeeb3fb15969045,TopDownWater,Default Local Group
4254,Assets/Textures/Products/Dystopia/Water.png,7f6af6f962bb8da43826a101b413dc76,Water,Default Local Group
